id,first_name,last_name,email,phone_number,first time client,order date,gender,order price,Client birthday
1,Brena,Lambard,blambard0@fema.gov,618-115-3099,true,9/18/2023,Female,1711.83 zł,8/3/1969
2,Bertrand,Surmeyers,bsurmeyers1@home.pl,802-994-3636,true,2/3/2022,Male,760.01 zł,10/29/1956
3,Clare,Demko,cdemko2@nasa.gov,980-918-5703,false,12/11/2019,Male,74.74 zł,12/23/1932
4,Saxon,Kisbee,skisbee3@is.gd,617-101-9553,true,9/25/2022,Male,2097.70 zł,8/17/1961
5,Tamarah,Kleinholz,tkleinholz4@globo.com,202-276-6846,false,11/13/2019,Female,101.14 zł,9/16/1930
6,Annadiane,Jore,ajore5@imgur.com,554-770-7742,false,12/3/2021,Female,482.51 zł,4/19/1932
7,Marvin,Robertson,mrobertson6@printfriendly.com,527-376-8314,true,6/19/2022,Male,1550.30 zł,3/23/1996
8,Jude,Denham,jdenham7@wordpress.org,167-198-3729,false,6/3/2020,Male,1195.05 zł,8/1/1994
9,Madeline,Brixham,mbrixham8@independent.co.uk,892-618-9720,true,10/30/2020,Female,169.04 zł,1/28/1942
10,Anallese,Crook,acrook9@unesco.org,743-197-3933,true,7/4/2023,Female,505.89 zł,9/17/1954
11,Rycca,Daubeny,rdaubenya@photobucket.com,242-336-0930,false,5/22/2021,Female,1658.83 zł,7/11/1932
12,Gabriella,Saing,gsaingb@homestead.com,295-140-4852,true,9/19/2020,Female,1930.53 zł,12/23/2003
13,Hi,Coupar,hcouparc@digg.com,689-550-8455,true,1/4/2020,Male,954.81 zł,4/9/2010
14,Gelya,Cathee,gcatheed@vistaprint.com,250-173-4121,false,8/16/2019,Female,1048.12 zł,3/26/1971
15,Anetta,Sloss,aslosse@macromedia.com,895-776-0161,false,1/3/2021,Female,875.41 zł,1/2/1960
16,Enriqueta,Hayer,ehayerf@sciencedaily.com,214-795-1720,true,2/12/2023,Female,970.05 zł,8/1/2010
17,Ber,Snelgrove,bsnelgroveg@about.com,407-379-4996,false,2/4/2021,Male,2108.10 zł,7/24/1956
18,Constancy,Darnell,cdarnellh@seattletimes.com,844-255-8810,true,3/29/2021,Female,679.72 zł,1/27/1929
19,Lani,Wield,lwieldi@usa.gov,716-862-2143,false,4/16/2021,Female,1813.82 zł,1/8/1948
20,Lloyd,Antonovic,lantonovicj@theglobeandmail.com,448-930-7301,true,9/28/2020,Male,713.59 zł,2/12/1954
21,Kassi,Desson,kdessonk@amazon.com,566-580-5956,false,10/29/2021,Female,1011.67 zł,2/28/1947
22,Carolina,Kinnock,ckinnockl@pbs.org,265-748-1082,false,12/31/2021,Genderqueer,1356.86 zł,12/12/1980
23,Maxy,Kennion,mkennionm@technorati.com,275-413-3888,false,12/10/2022,Male,1769.37 zł,5/1/1949
24,Bettina,Ronci,broncin@ask.com,149-933-0871,true,4/29/2023,Female,1207.09 zł,11/11/1949
25,Vito,Bentson,vbentsono@pcworld.com,825-467-0946,false,5/22/2022,Male,727.49 zł,6/27/1957
26,Coralie,Antoni,cantonip@ucoz.ru,512-707-0439,false,11/18/2019,Female,254.36 zł,6/4/1926
27,Hayes,Zannotti,hzannottiq@youtube.com,255-897-3521,true,8/20/2021,Male,626.13 zł,10/6/1935
28,Nicol,Muffin,nmuffinr@ucsd.edu,597-952-3874,false,10/16/2023,Genderfluid,260.57 zł,9/5/1925
29,Dallas,Wilsdon,dwilsdons@fotki.com,315-431-3271,true,8/23/2022,Female,241.90 zł,3/16/2009
30,Tilly,Fry,tfryt@usatoday.com,401-964-9073,false,8/15/2022,Female,197.33 zł,1/24/1941
31,Oona,Presidey,opresideyu@1688.com,682-393-9179,false,8/1/2021,Female,855.04 zł,5/5/1991
32,Salem,Lord,slordv@omniture.com,725-283-1257,false,4/29/2023,Male,552.53 zł,12/6/1965
33,Meredith,Grinvalds,mgrinvaldsw@gnu.org,426-287-4809,true,4/25/2020,Male,957.64 zł,10/16/1999
34,Onofredo,Woolatt,owoolattx@techcrunch.com,500-403-7821,false,6/19/2021,Male,76.61 zł,9/6/1999
35,Dedra,Hainning,dhainningy@youtu.be,635-150-8238,false,9/16/2021,Female,815.91 zł,6/12/1952
36,Flemming,Yaknov,fyaknovz@creativecommons.org,794-440-0042,true,7/9/2023,Male,1629.49 zł,8/27/1928
37,Freddy,McGown,fmcgown10@ning.com,145-310-1868,false,12/7/2022,Male,990.99 zł,12/1/1977
38,Marga,Shewon,mshewon11@bloomberg.com,547-664-8066,false,11/18/2022,Female,659.47 zł,2/24/1990
39,Stefa,Demcik,sdemcik12@usgs.gov,197-140-8903,true,2/4/2023,Female,1092.67 zł,11/19/1985
40,Eduino,Livock,elivock13@scientificamerican.com,650-807-7660,false,3/17/2023,Male,1858.27 zł,6/19/1980
41,Alford,Leaton,aleaton14@dedecms.com,678-500-8593,false,4/20/2020,Male,333.77 zł,8/17/1992
42,Levon,Pickrill,lpickrill15@sbwire.com,294-907-6851,false,3/8/2022,Male,1467.24 zł,2/26/1978
43,Rupert,Brister,rbrister16@tiny.cc,634-327-5198,false,9/30/2020,Male,354.92 zł,1/25/1954
44,Renado,Ferreira,rferreira17@businesswire.com,129-446-9170,false,2/13/2021,Male,1618.70 zł,2/25/2007
45,Sunshine,Barczewski,sbarczewski18@eepurl.com,823-244-2021,false,10/29/2019,Female,683.88 zł,4/19/1974
46,Lia,Goad,lgoad19@army.mil,131-513-1933,false,10/19/2019,Female,1507.93 zł,1/25/1981
47,Ronni,Deane,rdeane1a@microsoft.com,836-384-0057,false,5/16/2022,Female,680.73 zł,8/2/1990
48,Verla,Pagin,vpagin1b@surveymonkey.com,853-144-7568,true,6/2/2020,Female,1589.11 zł,10/1/2007
49,Nathanil,Insull,ninsull1c@dion.ne.jp,743-158-1339,true,6/13/2022,Male,274.33 zł,2/28/1950
50,Trevar,Van der Velde,tvandervelde1d@google.ru,397-879-5786,false,12/29/2021,Male,2102.84 zł,12/10/2001
51,Hughie,Kunzel,hkunzel1e@printfriendly.com,592-309-6721,false,4/27/2021,Male,993.85 zł,2/2/1988
52,Andie,Majury,amajury1f@guardian.co.uk,311-497-1295,false,2/2/2020,Male,655.36 zł,10/22/1944
53,Nikita,Plaschke,nplaschke1g@icio.us,301-807-4306,false,11/1/2021,Male,1253.35 zł,4/25/1997
54,Chance,Gislebert,cgislebert1h@mapquest.com,377-754-9732,true,5/19/2021,Male,674.20 zł,10/19/1991
55,Sutton,Marxsen,smarxsen1i@spiegel.de,844-914-4102,false,7/12/2023,Male,1055.63 zł,7/5/1983
56,Mirilla,Redding,mredding1j@un.org,897-769-0663,true,9/24/2019,Female,988.22 zł,11/5/1970
57,Dulci,Truelock,dtruelock1k@istockphoto.com,176-394-5031,false,10/10/2021,Female,1619.66 zł,5/25/1994
58,Liesa,Chiplen,lchiplen1l@nih.gov,972-795-7538,false,1/22/2020,Female,820.11 zł,5/6/1926
59,Mord,Vondracek,mvondracek1m@chicagotribune.com,287-275-5692,true,1/1/2021,Male,1222.57 zł,11/5/1943
60,Denver,Heyward,dheyward1n@yolasite.com,903-374-1564,true,6/12/2021,Male,1255.83 zł,1/31/1951
61,Dulcie,Janovsky,djanovsky1o@zdnet.com,303-452-1514,true,2/20/2023,Female,213.62 zł,2/10/1963
62,Tobit,Demsey,tdemsey1p@netscape.com,369-982-8576,false,11/1/2019,Male,1869.39 zł,5/18/1991
63,Marylinda,Ralestone,mralestone1q@webeden.co.uk,561-621-1618,false,12/8/2020,Female,1422.26 zł,5/15/2000
64,Archibold,Stronough,astronough1r@google.com,939-495-3886,false,1/15/2023,Male,2034.38 zł,2/1/1997
65,Fionna,Ruffler,fruffler1s@wsj.com,219-558-0491,false,11/6/2022,Female,1419.90 zł,10/29/1952
66,Theobald,McNicol,tmcnicol1t@nsw.gov.au,553-403-1723,true,9/12/2019,Male,1114.20 zł,4/7/1980
67,Tucky,Churn,tchurn1u@nyu.edu,248-283-4890,true,3/11/2022,Male,885.38 zł,10/2/1965
68,Nannette,Gregoraci,ngregoraci1v@reuters.com,532-295-1707,false,7/23/2022,Female,1904.26 zł,4/15/1956
69,Ewan,Repper,erepper1w@hubpages.com,232-601-2784,true,4/20/2023,Male,655.35 zł,8/11/1945
70,Dena,Grishakin,dgrishakin1x@naver.com,435-866-5914,false,1/5/2020,Female,691.21 zł,9/7/1931
71,Christoph,Gajownik,cgajownik1y@google.co.jp,333-229-3348,true,11/28/2019,Male,698.97 zł,3/13/1930
72,Sutherland,Oglethorpe,soglethorpe1z@salon.com,691-624-5728,false,12/6/2021,Male,175.15 zł,4/24/1958
73,Yehudi,Jakov,yjakov20@netlog.com,813-290-2306,true,6/15/2020,Male,1690.85 zł,1/27/1983
74,Tatiania,Absolon,tabsolon21@latimes.com,239-978-7083,true,10/28/2021,Agender,62.18 zł,3/20/1960
75,Lucia,Henrichsen,lhenrichsen22@skype.com,819-607-5304,true,6/16/2020,Female,1504.87 zł,4/1/1980
76,Chance,Clement,cclement23@wikia.com,120-225-5912,true,10/12/2020,Male,1277.25 zł,10/2/1986
77,Bud,Robberecht,brobberecht24@utexas.edu,856-828-6648,false,1/14/2023,Male,865.77 zł,10/2/1954
78,Ezequiel,Gibbieson,egibbieson25@lycos.com,656-353-8624,true,10/8/2019,Non-binary,518.69 zł,2/20/1927
79,Yehudi,Woodsford,ywoodsford26@wiley.com,757-146-0287,true,6/23/2021,Male,451.47 zł,4/15/1964
80,Cthrine,Petroff,cpetroff27@eventbrite.com,269-901-0305,false,11/1/2020,Female,2080.96 zł,12/12/2000
81,Willey,Izakof,wizakof28@bluehost.com,991-380-9734,true,4/3/2021,Genderfluid,1499.56 zł,2/2/1940
82,Sanders,Fallis,sfallis29@discovery.com,778-285-0875,true,8/27/2023,Male,2119.12 zł,6/23/1966
83,Kahaleel,Cushelly,kcushelly2a@dedecms.com,625-715-6092,false,10/30/2019,Male,541.28 zł,9/6/1993
84,Eleonora,Klees,eklees2b@abc.net.au,131-707-2142,false,2/13/2021,Agender,1636.10 zł,2/6/2003
85,Fayre,Koubu,fkoubu2c@unblog.fr,985-450-5651,false,5/21/2023,Female,1653.83 zł,2/6/1942
86,Thorpe,Carr,tcarr2d@squarespace.com,171-100-3471,true,4/14/2020,Male,1336.41 zł,11/29/1924
87,Gay,Scarsbrick,gscarsbrick2e@go.com,906-396-9401,true,6/17/2022,Male,1631.40 zł,12/29/1981
88,Selig,Allanson,sallanson2f@answers.com,116-723-4777,false,3/17/2022,Male,2124.57 zł,10/2/1951
89,Sasha,Arends,sarends2g@friendfeed.com,912-971-3457,false,5/3/2022,Male,818.12 zł,4/8/1934
90,Francoise,Rouff,frouff2h@nydailynews.com,982-155-0897,false,1/22/2021,Bigender,1904.87 zł,8/13/1953
91,Nadean,Du Hamel,nduhamel2i@yellowbook.com,887-256-7453,true,2/3/2022,Female,1288.14 zł,2/7/1966
92,Earle,Lafee,elafee2j@nytimes.com,485-719-8945,true,5/18/2021,Male,375.32 zł,7/5/1978
93,Shaina,Tolussi,stolussi2k@uol.com.br,472-291-9372,false,4/14/2022,Female,1982.06 zł,7/2/2007
94,Dominique,Mucklo,dmucklo2l@huffingtonpost.com,791-676-2256,true,9/12/2021,Female,197.68 zł,10/21/1983
95,Hyacintha,Totterdill,htotterdill2m@google.nl,685-311-4956,true,2/14/2020,Female,1518.36 zł,10/23/1990
96,Mathias,Johanssen,mjohanssen2n@ucoz.com,514-984-5396,false,3/3/2023,Male,1809.34 zł,1/2/1965
97,Maurits,Hasson,mhasson2o@altervista.org,315-735-3028,true,12/26/2022,Male,924.02 zł,12/11/2009
98,Jehu,Skillern,jskillern2p@eepurl.com,644-544-0756,true,10/20/2023,Male,1489.78 zł,6/5/1998
99,Trenton,Tubritt,ttubritt2q@utexas.edu,494-120-4413,false,10/10/2019,Male,1.53 zł,7/30/1984
100,Fidelity,Morrowe,fmorrowe2r@t-online.de,142-783-4810,false,10/11/2019,Female,1427.52 zł,5/26/1977
101,Doug,Etheredge,detheredge2s@patch.com,570-601-3734,false,2/19/2022,Male,1195.20 zł,1/12/1962
102,Philomena,MacIlraith,pmacilraith2t@goodreads.com,767-619-2450,false,10/11/2020,Female,1262.80 zł,3/18/1955
103,Alikee,Crasswell,acrasswell2u@barnesandnoble.com,122-848-7370,false,7/14/2021,Female,1359.07 zł,2/23/1979
104,Robbert,Wohlers,rwohlers2v@eventbrite.com,419-612-6749,true,4/10/2022,Male,2085.66 zł,5/24/1978
105,Chantalle,Hordell,chordell2w@bloomberg.com,796-270-7601,false,11/11/2020,Non-binary,1022.32 zł,7/19/1936
106,Melanie,Marney,mmarney2x@illinois.edu,592-589-2917,false,8/18/2021,Female,409.42 zł,4/1/1982
107,Rhianon,Castro,rcastro2y@163.com,817-385-4150,false,5/8/2022,Female,269.46 zł,2/1/1924
108,Zuzana,Fittes,zfittes2z@pagesperso-orange.fr,553-724-2595,false,7/22/2022,Female,223.61 zł,5/1/1946
109,Sheila,Sivorn,ssivorn30@over-blog.com,902-296-4291,true,2/2/2023,Female,1450.36 zł,7/30/1926
110,Mellie,Wyleman,mwyleman31@photobucket.com,151-320-8536,false,6/22/2023,Female,2115.21 zł,3/8/1995
111,Carolee,Barok,cbarok32@ameblo.jp,586-628-1535,false,10/13/2019,Female,1691.22 zł,5/6/1972
112,Stirling,Bustin,sbustin33@odnoklassniki.ru,747-927-0776,true,3/27/2020,Male,1438.22 zł,3/13/1948
113,Delora,Berre,dberre34@redcross.org,328-745-6356,true,10/6/2021,Female,222.92 zł,2/18/1978
114,Audry,Tomankowski,atomankowski35@harvard.edu,812-427-4970,true,3/25/2021,Genderfluid,2010.59 zł,6/3/1932
115,Gregorio,Tunniclisse,gtunniclisse36@ask.com,224-630-3313,true,6/12/2022,Male,1534.69 zł,11/24/1924
116,Katheryn,Stringman,kstringman37@sphinn.com,338-888-2133,false,2/11/2023,Female,611.00 zł,11/27/1935
117,Dame,Albrecht,dalbrecht38@springer.com,849-410-2060,false,12/20/2022,Male,1120.06 zł,6/13/1967
118,Austen,Mauchlen,amauchlen39@ftc.gov,333-523-3766,true,9/30/2023,Male,1363.65 zł,7/18/2003
119,Lesley,Bremley,lbremley3a@state.gov,350-429-7742,true,10/9/2022,Male,2033.76 zł,6/22/1983
120,Malvin,Fancutt,mfancutt3b@army.mil,515-978-3511,false,3/1/2021,Male,1192.86 zł,5/10/2000
121,Sissie,Primrose,sprimrose3c@livejournal.com,388-569-0590,true,2/19/2021,Bigender,2033.14 zł,11/20/1953
122,Bryn,Di Frisco,bdifrisco3d@google.cn,484-589-8625,true,11/9/2020,Male,1986.11 zł,3/22/2000
123,Colver,Mizen,cmizen3e@usda.gov,405-259-5009,true,5/11/2023,Genderqueer,1114.72 zł,2/16/1996
124,Hedwig,Cheavin,hcheavin3f@mozilla.com,874-356-2689,true,12/5/2019,Female,1616.61 zł,5/31/1994
125,Brynna,Westhoff,bwesthoff3g@zimbio.com,979-339-0594,true,10/27/2021,Genderqueer,1590.56 zł,1/15/1964
126,Shirl,Wikey,swikey3h@discuz.net,145-959-9075,false,9/1/2023,Female,1514.51 zł,4/5/1966
127,Holt,Rye,hrye3i@bluehost.com,718-321-6740,false,12/9/2020,Male,803.62 zł,7/13/1978
128,Demetria,MacNaughton,dmacnaughton3j@loc.gov,556-932-1317,true,10/9/2021,Female,145.46 zł,1/26/1947
129,Frannie,Lewer,flewer3k@weebly.com,159-735-5611,false,1/16/2022,Genderfluid,149.35 zł,2/15/1933
130,Standford,Baglin,sbaglin3l@oaic.gov.au,439-170-6460,true,6/7/2020,Male,1873.59 zł,12/20/1923
131,Cristabel,Shafto,cshafto3m@apache.org,626-874-2379,false,11/6/2022,Female,1789.01 zł,7/11/1945
132,Kerby,Landal,klandal3n@blinklist.com,196-809-5679,false,1/7/2021,Male,1931.47 zł,12/22/1959
133,Lara,Willacot,lwillacot3o@zdnet.com,270-878-1851,true,11/22/2019,Female,24.04 zł,1/25/1999
134,Alexia,Hammerson,ahammerson3p@seattletimes.com,296-788-4445,false,11/13/2021,Female,613.09 zł,2/7/1987
135,Beverlee,Strahan,bstrahan3q@slate.com,494-275-7336,false,10/14/2021,Female,1415.39 zł,2/23/1973
136,Pepito,Churching,pchurching3r@diigo.com,712-454-8366,true,8/30/2021,Male,1697.86 zł,8/16/1944
137,Gregoire,Samson,gsamson3s@ebay.com,118-716-9401,false,8/10/2022,Male,866.79 zł,4/14/1974
138,Valera,Carlesi,vcarlesi3t@google.com.au,464-299-6914,true,6/4/2021,Female,738.46 zł,6/1/1960
139,Ann-marie,McKune,amckune3u@artisteer.com,462-967-7523,true,9/17/2021,Agender,1660.94 zł,10/30/2007
140,Almeria,Farans,afarans3v@slashdot.org,970-225-4310,false,7/13/2023,Female,1538.55 zł,3/14/1928
141,Gertrud,Prickett,gprickett3w@friendfeed.com,457-768-8489,true,11/27/2019,Female,299.58 zł,1/31/2004
142,Orelia,Luckcuck,oluckcuck3x@unblog.fr,430-972-4789,false,10/28/2023,Female,1883.73 zł,4/18/1993
143,Garnette,Bineham,gbineham3y@who.int,610-534-6677,true,2/13/2022,Genderfluid,1599.99 zł,5/16/1976
144,Case,Dawson,cdawson3z@shutterfly.com,638-354-3586,false,10/25/2020,Male,940.50 zł,10/26/1935
145,Edmund,Dymond,edymond40@gizmodo.com,746-369-8796,true,11/17/2019,Male,1816.01 zł,8/18/1928
146,Roseann,Nevitt,rnevitt41@ycombinator.com,376-922-8361,true,9/13/2021,Female,449.29 zł,8/2/2008
147,Harrison,Schout,hschout42@pinterest.com,160-734-9255,false,12/7/2020,Male,975.00 zł,1/8/1942
148,Kim,Haydn,khaydn43@godaddy.com,530-777-0403,false,11/11/2019,Male,346.60 zł,4/23/1929
149,Leonora,Brimilcombe,lbrimilcombe44@google.com.br,184-595-9415,false,6/12/2022,Female,430.68 zł,10/15/1953
150,Wendall,Alentyev,walentyev45@mtv.com,279-222-5778,true,10/21/2023,Male,1715.84 zł,9/6/1990
151,Cody,Landsman,clandsman46@w3.org,899-326-4663,true,9/2/2021,Female,361.33 zł,9/17/1951
152,Sloane,Kaiser,skaiser47@mozilla.com,734-514-3098,false,6/2/2021,Male,918.42 zł,12/26/1977
153,Tris,Elderfield,telderfield48@miibeian.gov.cn,645-885-5427,false,12/22/2022,Male,816.86 zł,11/20/1941
154,Lilla,Brideaux,lbrideaux49@infoseek.co.jp,886-920-5253,true,4/4/2020,Female,1704.23 zł,3/17/1983
155,Kelwin,Baylay,kbaylay4a@shinystat.com,838-604-5459,true,9/14/2021,Male,1396.58 zł,6/23/1994
156,Elfrida,Bezley,ebezley4b@theglobeandmail.com,799-487-0766,true,9/25/2023,Genderqueer,951.68 zł,6/8/1971
157,Klarika,Manske,kmanske4c@amazon.co.jp,818-122-0379,true,5/29/2023,Female,1864.35 zł,5/2/1931
158,Tommy,Nineham,tnineham4d@jugem.jp,309-330-3963,true,7/7/2022,Male,1537.26 zł,1/8/1944
159,Cole,Pimblotte,cpimblotte4e@bbc.co.uk,806-530-2116,false,4/28/2021,Male,1711.49 zł,3/25/1934
160,Galvin,Crosetti,gcrosetti4f@yellowbook.com,994-492-8296,false,1/16/2020,Male,916.50 zł,5/14/1935
161,Susanna,Bellany,sbellany4g@ask.com,227-746-4763,false,11/6/2020,Female,2023.81 zł,1/30/1935
162,Calida,Le Breton De La Vieuville,clebretondelavieuville4h@archive.org,677-329-4796,false,6/24/2021,Female,1843.41 zł,8/28/1924
163,Elysha,Money,emoney4i@joomla.org,820-687-4765,true,6/15/2023,Female,271.33 zł,4/3/1967
164,Stinky,Hasely,shasely4j@noaa.gov,681-100-9515,false,2/3/2021,Male,399.34 zł,12/24/1975
165,Roger,Riccio,rriccio4k@rakuten.co.jp,845-321-8368,false,9/9/2022,Non-binary,270.80 zł,1/27/1982
166,Emmery,Whyke,ewhyke4l@360.cn,621-105-6165,true,2/23/2023,Male,934.49 zł,8/22/1944
167,Sonja,Alanbrooke,salanbrooke4m@dion.ne.jp,825-132-4285,false,7/10/2020,Female,1913.69 zł,3/13/1939
168,Jana,Martel,jmartel4n@fda.gov,628-194-7515,true,6/9/2021,Female,155.69 zł,10/30/1958
169,Marty,Dombrell,mdombrell4o@sogou.com,613-770-2596,true,9/5/2020,Male,1035.82 zł,2/20/1938
170,Brear,Eyrl,beyrl4p@vkontakte.ru,965-567-4941,true,3/12/2023,Female,787.70 zł,6/14/2000
171,Devlen,Hurburt,dhurburt4q@sphinn.com,852-627-2329,false,3/7/2022,Male,1095.30 zł,12/19/1957
172,Demetri,Eighteen,deighteen4r@eepurl.com,332-244-4789,true,1/15/2020,Genderfluid,1246.59 zł,1/2/2010
173,Kara,Pole,kpole4s@foxnews.com,923-417-1085,true,4/24/2021,Female,1668.49 zł,2/3/1941
174,Dniren,Danilovitch,ddanilovitch4t@51.la,663-612-2190,false,12/9/2019,Female,385.85 zł,9/16/1924
175,Genna,Fosse,gfosse4u@ucoz.ru,187-224-6112,true,6/28/2020,Female,969.09 zł,10/18/1940
176,Janeczka,Flescher,jflescher4v@seattletimes.com,917-697-2053,true,2/3/2020,Female,2014.01 zł,8/23/1998
177,Lorilyn,Appleton,lappleton4w@multiply.com,652-205-7186,true,4/18/2021,Female,646.82 zł,6/2/2000
178,Zachariah,Sharkey,zsharkey4x@bandcamp.com,702-810-5821,true,3/13/2023,Male,1561.90 zł,10/12/1955
179,Pren,McAlister,pmcalister4y@google.de,570-715-1349,true,10/12/2019,Male,299.79 zł,3/4/1961
180,Ericka,Goly,egoly4z@webeden.co.uk,820-137-7021,false,11/30/2021,Polygender,2131.77 zł,6/29/2005
181,Ewart,Sebastian,esebastian50@squidoo.com,645-965-0583,false,9/15/2020,Male,508.72 zł,5/5/2005
182,Gilberta,Auston,gauston51@flickr.com,271-316-9146,true,7/8/2023,Agender,1537.52 zł,7/4/1975
183,Aundrea,Delf,adelf52@geocities.com,665-347-8771,false,5/29/2021,Genderqueer,1904.23 zł,10/27/1962
184,Flory,Macura,fmacura53@jimdo.com,430-129-8296,false,12/29/2019,Female,1529.28 zł,9/28/1947
185,Allianora,Lemme,alemme54@behance.net,184-151-4296,false,5/1/2020,Female,1050.76 zł,12/3/1966
186,Wilona,Trippett,wtrippett55@jimdo.com,572-734-7561,true,10/15/2021,Female,1827.49 zł,12/26/1993
187,Darrel,Squelch,dsquelch56@ifeng.com,175-591-0667,false,6/26/2020,Male,1021.20 zł,10/15/1964
188,Debbi,Siddaley,dsiddaley57@yelp.com,726-127-2970,true,8/21/2022,Female,1945.86 zł,2/3/1964
189,Daisie,Domokos,ddomokos58@statcounter.com,809-359-4387,true,11/10/2020,Female,725.98 zł,2/24/1964
190,Ed,Brymner,ebrymner59@go.com,564-333-5161,true,12/29/2019,Male,2114.48 zł,9/19/1952
191,Rozelle,Bodiam,rbodiam5a@nature.com,957-308-4079,false,12/14/2022,Female,221.82 zł,11/11/2008
192,Nance,Diddams,ndiddams5b@bluehost.com,361-868-0294,true,2/27/2022,Female,108.50 zł,2/5/1980
193,Addy,Lante,alante5c@joomla.org,319-987-7224,true,3/16/2020,Male,655.18 zł,1/19/1983
194,Kacy,Leates,kleates5d@51.la,588-512-6924,false,7/17/2021,Female,665.03 zł,5/22/1926
195,Kelsy,Lafayette,klafayette5e@hugedomains.com,135-335-4624,false,11/11/2021,Female,1734.16 zł,12/12/1995
196,Thorndike,Emps,temps5f@cafepress.com,736-413-5773,true,11/8/2019,Male,348.10 zł,2/25/1940
197,Nat,Philipard,nphilipard5g@unblog.fr,203-882-4624,true,1/23/2023,Male,95.25 zł,9/1/1996
198,Edythe,Elrick,eelrick5h@shareasale.com,518-428-6377,false,6/20/2022,Female,1425.00 zł,8/12/1990
199,Ken,Morratt,kmorratt5i@unc.edu,509-378-5939,true,10/21/2019,Bigender,94.91 zł,3/19/1958
200,Lionello,Akerman,lakerman5j@oracle.com,495-794-8382,false,1/14/2021,Male,1.17 zł,2/26/1936
201,Jacklin,Kerswell,jkerswell5k@amazon.co.jp,275-463-4103,false,1/9/2021,Female,1320.78 zł,1/29/1993
202,Norrie,Crofthwaite,ncrofthwaite5l@buzzfeed.com,443-653-6029,true,4/23/2023,Male,1415.57 zł,11/24/1936
203,Gib,Dory,gdory5m@hostgator.com,965-712-1111,true,6/6/2020,Male,1827.75 zł,2/6/1934
204,Waldo,Farthing,wfarthing5n@last.fm,682-705-1798,false,9/25/2022,Male,168.74 zł,4/9/1985
205,Darcy,Bradshaw,dbradshaw5o@webeden.co.uk,744-678-2097,false,5/2/2020,Male,423.99 zł,8/7/1940
206,Stefa,Hake,shake5p@ow.ly,930-598-9941,false,3/13/2023,Female,2026.58 zł,3/16/1970
207,Link,Rhule,lrhule5q@businessweek.com,860-260-6181,false,2/14/2020,Male,1564.46 zł,10/12/1942
208,Riannon,Firks,rfirks5r@chicagotribune.com,799-871-8925,false,7/10/2023,Female,1615.44 zł,1/7/1941
209,Eugenius,Banks,ebanks5s@microsoft.com,438-507-3528,true,11/20/2022,Male,1519.13 zł,8/31/1948
210,Boigie,Ferrelli,bferrelli5t@stumbleupon.com,833-662-7901,false,11/18/2021,Male,1788.99 zł,1/5/1950
211,Alexi,Muggleton,amuggleton5u@boston.com,175-395-2105,true,10/26/2019,Female,1907.01 zł,12/20/1978
212,Sherm,Lankester,slankester5v@moonfruit.com,340-976-0979,false,2/12/2020,Male,1308.94 zł,10/24/1934
213,Luz,Gallacher,lgallacher5w@theguardian.com,656-506-9441,true,3/16/2023,Female,841.83 zł,2/28/1955
214,Nat,Fryers,nfryers5x@amazon.com,583-887-6197,false,8/25/2021,Male,103.85 zł,12/17/1929
215,Barnard,Bax,bbax5y@usa.gov,512-175-6128,false,8/26/2022,Male,295.77 zł,2/10/1932
216,Mandel,Mintoff,mmintoff5z@ezinearticles.com,921-837-7552,true,8/4/2020,Male,1121.29 zł,1/15/1987
217,Cristie,Slimm,cslimm60@theglobeandmail.com,990-387-9329,true,3/9/2022,Female,847.76 zł,12/14/1982
218,Codee,Nequest,cnequest61@taobao.com,859-877-0399,false,8/7/2021,Female,2120.23 zł,10/26/1978
219,Lane,Cuskery,lcuskery62@cpanel.net,769-505-3731,false,10/30/2022,Male,137.14 zł,6/4/2003
220,Wynn,Reay,wreay63@businessinsider.com,722-204-5725,true,10/26/2023,Male,1884.38 zł,2/8/1944
221,Mel,Delort,mdelort64@baidu.com,775-108-5804,false,2/19/2022,Male,13.78 zł,4/9/1949
222,Alick,Giovannoni,agiovannoni65@squidoo.com,673-535-5616,false,6/19/2021,Male,382.36 zł,9/12/1997
223,Nicko,Yegorev,nyegorev66@mozilla.org,873-324-6527,true,2/20/2022,Male,769.92 zł,10/24/2003
224,Jaquith,Gallon,jgallon67@princeton.edu,427-353-0290,true,6/29/2020,Female,84.99 zł,6/21/1969
225,Ramona,Herley,rherley68@ox.ac.uk,360-220-7395,true,2/4/2022,Agender,461.90 zł,9/15/1950
226,Karlan,Nannizzi,knannizzi69@i2i.jp,401-482-6641,true,10/11/2021,Male,875.48 zł,4/13/1935
227,Adel,Obern,aobern6a@narod.ru,840-339-6969,false,7/5/2023,Female,1420.48 zł,2/1/1942
228,Lucian,Linguard,llinguard6b@youtu.be,885-376-2270,false,2/23/2020,Male,1175.58 zł,12/21/2002
229,Viva,Thurlow,vthurlow6c@paypal.com,283-336-1590,false,10/21/2019,Polygender,415.94 zł,3/18/1990
230,Fae,Akid,fakid6d@cmu.edu,157-334-7864,false,5/12/2021,Female,1461.32 zł,4/30/1970
231,Eartha,Oldcote,eoldcote6e@bbb.org,575-930-6796,true,11/9/2019,Genderqueer,395.47 zł,6/3/1927
232,Teresa,Truett,ttruett6f@theglobeandmail.com,473-343-1882,false,9/9/2023,Non-binary,285.84 zł,10/3/1986
233,Eldon,Bury,ebury6g@shutterfly.com,288-223-3306,true,5/12/2022,Male,815.26 zł,12/20/1977
234,Sigismond,Cottrell,scottrell6h@unblog.fr,679-209-5826,true,1/1/2023,Male,1114.75 zł,6/8/1954
235,Angie,Klinck,aklinck6i@phpbb.com,663-963-3877,true,3/4/2020,Male,1038.96 zł,4/6/1939
236,Titus,Getch,tgetch6j@wikispaces.com,678-784-7828,true,8/13/2020,Male,1165.31 zł,7/3/1986
237,Vera,Granger,vgranger6k@canalblog.com,368-190-4481,true,10/23/2023,Female,579.24 zł,10/7/1928
238,Suzette,Lardeur,slardeur6l@geocities.jp,683-710-5146,false,12/25/2020,Female,565.69 zł,3/7/1969
239,Julita,MacFayden,jmacfayden6m@unblog.fr,734-647-4651,false,1/27/2022,Female,290.93 zł,4/21/1956
240,Lynett,Bockh,lbockh6n@google.es,127-758-3352,true,10/25/2021,Female,926.97 zł,11/6/1985
241,Mehetabel,Durbyn,mdurbyn6o@tmall.com,836-604-4859,false,3/4/2023,Female,1633.56 zł,4/18/1968
242,Daffi,Armin,darmin6p@dot.gov,503-571-5421,false,4/8/2022,Bigender,67.17 zł,7/22/1958
243,Taber,Schoenrock,tschoenrock6q@indiatimes.com,373-507-5708,true,5/3/2021,Male,697.37 zł,6/2/1964
244,Carlen,Dempster,cdempster6r@howstuffworks.com,623-847-5382,true,5/10/2020,Female,494.86 zł,3/7/1960
245,Langsdon,Satchell,lsatchell6s@japanpost.jp,389-327-7755,true,4/21/2023,Male,881.86 zł,5/13/1965
246,Dodie,Hardingham,dhardingham6t@github.com,736-961-1640,false,5/15/2021,Female,1861.80 zł,7/16/1976
247,Eunice,Allston,eallston6u@globo.com,149-849-6614,true,3/6/2023,Female,1685.14 zł,6/13/1979
248,Lucas,Leblanc,lleblanc6v@kickstarter.com,386-142-8108,false,3/6/2023,Male,1526.55 zł,5/9/1926
249,Maiga,Forshaw,mforshaw6w@howstuffworks.com,609-749-8407,false,3/9/2021,Female,1643.12 zł,5/21/1938
250,Ricoriki,Godsell,rgodsell6x@about.com,154-831-3269,true,4/8/2020,Male,350.19 zł,7/15/1970
251,Webster,Lawtie,wlawtie6y@fotki.com,756-202-3166,false,1/24/2023,Male,965.92 zł,7/12/1940
252,Dukey,Isham,disham6z@hc360.com,380-428-7784,true,2/13/2020,Male,1549.34 zł,12/1/1947
253,Jillana,Haking,jhaking70@craigslist.org,477-220-0901,true,10/14/2023,Female,589.61 zł,1/25/2007
254,Windy,Hanning,whanning71@fastcompany.com,399-730-9204,true,4/16/2021,Female,548.89 zł,1/16/1958
255,Natale,Bevar,nbevar72@flavors.me,402-263-6146,true,4/22/2020,Male,384.93 zł,1/3/1989
256,Norton,Blakes,nblakes73@blog.com,907-364-3902,true,11/5/2023,Male,1397.27 zł,3/6/1975
257,Elyn,Janata,ejanata74@loc.gov,641-601-9219,true,9/6/2020,Female,457.59 zł,5/11/1993
258,Trueman,Eynaud,teynaud75@nsw.gov.au,570-378-1122,true,8/26/2019,Male,1351.78 zł,1/7/2005
259,Danni,Bethell,dbethell76@google.nl,215-183-0556,false,2/16/2023,Female,404.82 zł,10/26/1944
260,Hirsch,Tiery,htiery77@so-net.ne.jp,597-336-0472,true,7/27/2023,Male,1016.17 zł,4/28/1924
261,Zacherie,Ruselin,zruselin78@spiegel.de,342-343-0865,true,8/27/2023,Male,1968.45 zł,2/6/1933
262,Boigie,Callery,bcallery79@umn.edu,371-884-8846,false,6/6/2022,Male,1058.10 zł,9/19/1948
263,Hi,Kivelhan,hkivelhan7a@exblog.jp,829-211-3720,true,10/28/2021,Male,828.20 zł,5/12/1942
264,Merralee,McNeely,mmcneely7b@free.fr,518-634-9413,false,1/2/2021,Female,1963.78 zł,11/10/1968
265,Alan,Cavey,acavey7c@networksolutions.com,867-179-4473,false,3/16/2023,Male,167.91 zł,9/25/1944
266,Alister,Bordman,abordman7d@cpanel.net,664-141-0457,true,4/13/2022,Male,750.06 zł,7/8/1982
267,Morry,Newbegin,mnewbegin7e@stumbleupon.com,363-660-2762,false,3/25/2021,Male,1089.88 zł,2/22/1991
268,Sigrid,Di Filippo,sdifilippo7f@skype.com,877-226-5640,false,2/10/2022,Female,661.63 zł,2/28/1997
269,Standford,Aspland,saspland7g@forbes.com,666-638-4132,false,4/3/2023,Male,743.83 zł,10/29/2002
270,Hirsch,Rivilis,hrivilis7h@tmall.com,304-972-6022,false,11/4/2021,Male,1108.99 zł,8/29/1986
271,Franklin,Twidle,ftwidle7i@bandcamp.com,316-706-6421,true,3/18/2021,Male,258.30 zł,11/13/1973
272,Padgett,Kingsland,pkingsland7j@dedecms.com,471-137-3965,true,10/5/2019,Genderfluid,191.25 zł,9/25/1945
273,Mellie,Francesco,mfrancesco7k@toplist.cz,534-926-1360,true,6/8/2020,Female,360.95 zł,9/21/1993
274,Melita,Simonelli,msimonelli7l@fema.gov,322-236-7903,false,4/4/2022,Female,1938.33 zł,2/1/1937
275,Les,Abbison,labbison7m@themeforest.net,900-196-6373,false,5/20/2022,Male,684.42 zł,11/17/1937
276,Arron,Somerbell,asomerbell7n@google.pl,165-150-1107,false,12/30/2022,Male,1206.29 zł,5/12/1957
277,Mycah,Izod,mizod7o@t-online.de,130-121-6727,true,6/5/2021,Male,1963.39 zł,10/7/1995
278,Patricia,Gheraldi,pgheraldi7p@nba.com,932-920-2913,true,10/21/2022,Female,1646.24 zł,2/26/1997
279,Tootsie,Dodshun,tdodshun7q@constantcontact.com,531-795-5018,true,4/5/2023,Genderfluid,1640.88 zł,11/18/1928
280,Dot,Tanner,dtanner7r@cpanel.net,110-373-0689,true,2/4/2021,Female,334.36 zł,4/8/1965
281,Hildagard,Yekel,hyekel7s@desdev.cn,435-191-3118,true,2/23/2021,Female,1836.36 zł,1/19/1924
282,Blanche,Cromly,bcromly7t@printfriendly.com,967-188-5328,true,4/26/2022,Genderfluid,1007.45 zł,11/20/1959
283,Adrian,Dumbare,adumbare7u@yandex.ru,153-873-2519,false,3/8/2021,Female,495.46 zł,10/9/1953
284,Sharai,Blenkharn,sblenkharn7v@vistaprint.com,961-306-9791,true,4/12/2022,Female,526.08 zł,6/12/1958
285,Ezechiel,Slorance,eslorance7w@bloglines.com,320-723-4038,false,10/30/2019,Male,395.84 zł,5/7/1977
286,Stillmann,Swedeland,sswedeland7x@wired.com,303-356-9760,false,5/20/2023,Male,48.89 zł,11/6/1979
287,Benedicta,Rosander,brosander7y@uol.com.br,138-101-1637,false,5/18/2023,Female,1656.36 zł,12/5/2009
288,Adiana,Bricket,abricket7z@topsy.com,638-846-0196,true,4/4/2020,Female,1860.77 zł,11/4/1941
289,Camile,Heak,cheak80@goo.ne.jp,349-484-0568,false,7/27/2022,Female,173.91 zł,12/5/1966
290,Merv,Castanone,mcastanone81@amazon.co.jp,752-148-9668,false,11/19/2019,Male,2079.70 zł,12/22/1956
291,Jen,Mixter,jmixter82@economist.com,483-710-7716,true,3/30/2021,Female,1894.86 zł,3/24/1924
292,Milo,Tadd,mtadd83@mozilla.org,375-674-1918,true,6/18/2020,Male,1219.12 zł,3/4/1970
293,Kerby,Ruffler,kruffler84@phoca.cz,997-876-3256,false,2/2/2020,Male,1686.67 zł,11/11/1977
294,Reine,Woloschinski,rwoloschinski85@earthlink.net,369-741-6508,false,11/12/2021,Female,1302.21 zł,2/17/1933
295,Jedediah,Rodgers,jrodgers86@wikia.com,254-366-8107,true,9/22/2023,Male,139.51 zł,5/29/1987
296,Ulberto,Skitteral,uskitteral87@moonfruit.com,366-873-1304,false,3/10/2023,Male,664.81 zł,4/14/2006
297,Tiertza,Ganny,tganny88@imdb.com,117-522-3952,false,10/10/2023,Female,1564.30 zł,5/20/1984
298,Benjie,Giraux,bgiraux89@godaddy.com,578-191-7798,false,9/17/2023,Male,1725.90 zł,12/23/1935
299,Nicolle,Kach,nkach8a@plala.or.jp,935-767-7950,true,5/31/2021,Female,1146.87 zł,1/24/2005
300,Inglebert,Klaaasen,iklaaasen8b@etsy.com,799-913-3977,false,1/16/2022,Male,550.52 zł,10/24/1935
301,Chrisse,Silliman,csilliman8c@g.co,558-376-8728,false,6/5/2021,Male,2129.30 zł,4/16/2002
302,Griffie,Seton,gseton8d@mtv.com,685-215-4113,true,9/18/2022,Male,305.26 zł,9/14/1989
303,Rafa,Negro,rnegro8e@etsy.com,190-990-7649,true,3/7/2020,Female,1557.69 zł,9/16/1925
304,Sheba,Pigford,spigford8f@bbb.org,990-739-5902,false,9/18/2022,Female,239.45 zł,2/8/1974
305,Sheilah,Hadigate,shadigate8g@issuu.com,438-347-7848,false,6/19/2023,Female,1964.23 zł,11/13/1969
306,Dennis,Kidstoun,dkidstoun8h@themeforest.net,283-416-0736,false,3/22/2021,Male,1073.57 zł,7/27/1970
307,Zollie,Spurge,zspurge8i@lycos.com,865-446-4222,false,12/23/2020,Male,1232.88 zł,11/3/1929
308,Johnathon,Lawful,jlawful8j@pbs.org,426-883-5755,false,1/6/2022,Male,1666.51 zł,12/1/1978
309,Willyt,Tremblet,wtremblet8k@feedburner.com,806-784-1791,true,3/27/2023,Female,118.37 zł,9/29/1979
310,Stanton,Tilbey,stilbey8l@samsung.com,208-398-9030,false,5/8/2023,Male,1704.20 zł,3/1/1995
311,Kiley,Longfut,klongfut8m@springer.com,564-166-4029,true,5/4/2022,Female,218.58 zł,12/8/1971
312,Kora,Briatt,kbriatt8n@exblog.jp,552-833-8612,true,9/17/2020,Female,360.96 zł,2/20/1955
313,Dennis,Flower,dflower8o@cisco.com,949-306-0146,false,8/31/2021,Male,953.43 zł,9/28/1951
314,Wendye,McHale,wmchale8p@1688.com,836-242-9751,false,3/6/2022,Female,729.83 zł,5/30/1974
315,Joseito,Harlow,jharlow8q@sun.com,229-531-5457,true,5/12/2021,Male,2012.79 zł,12/2/1956
316,Bess,Enright,benright8r@yelp.com,958-149-1577,true,12/31/2022,Female,1737.11 zł,12/10/1951
317,Maddy,Siaskowski,msiaskowski8s@xinhuanet.com,972-225-7444,false,1/8/2022,Male,2086.64 zł,12/5/1967
318,Effie,Lineen,elineen8t@domainmarket.com,281-768-5611,false,4/4/2022,Female,236.16 zł,6/4/2002
319,Issiah,Spurden,ispurden8u@domainmarket.com,183-301-4766,false,2/26/2023,Male,1004.52 zł,8/16/1940
320,Norbie,Rosberg,nrosberg8v@usatoday.com,532-526-9170,true,7/4/2020,Male,1478.01 zł,4/11/1972
321,Archy,Simenet,asimenet8w@salon.com,835-322-1924,true,10/7/2023,Male,659.29 zł,7/1/1998
322,Andrej,Fumagalli,afumagalli8x@bbb.org,282-414-8730,true,7/7/2022,Male,482.06 zł,2/13/2004
323,Jasmine,Easum,jeasum8y@fc2.com,552-802-0455,false,2/14/2021,Female,1431.29 zł,1/3/1936
324,Elianora,Winscum,ewinscum8z@cmu.edu,770-530-7358,false,6/7/2020,Female,202.69 zł,1/9/1958
325,Polly,McSkin,pmcskin90@cam.ac.uk,551-586-3908,false,2/16/2021,Female,2115.99 zł,5/30/1960
326,Rozella,Matson,rmatson91@home.pl,116-424-3174,false,4/16/2020,Female,103.30 zł,11/17/1989
327,Nicki,Elkington,nelkington92@buzzfeed.com,603-367-2587,true,4/30/2020,Female,1599.40 zł,8/12/1995
328,Winfield,Berzons,wberzons93@princeton.edu,539-961-7997,false,5/23/2023,Male,776.76 zł,5/7/1986
329,Rogerio,Dowse,rdowse94@home.pl,608-725-2114,true,8/7/2021,Male,1666.88 zł,10/29/2006
330,Prescott,Klimontovich,pklimontovich95@earthlink.net,736-168-1977,true,5/22/2023,Male,1220.48 zł,1/31/1947
331,Corissa,Hughesdon,chughesdon96@dagondesign.com,903-689-9265,false,3/3/2021,Female,1277.14 zł,3/8/1963
332,Moritz,Escala,mescala97@nih.gov,249-851-9823,false,11/12/2019,Male,579.60 zł,2/4/1999
333,Warde,Willmer,wwillmer98@mozilla.org,984-966-1764,false,3/27/2023,Male,1051.34 zł,3/15/1966
334,Edgar,Mazdon,emazdon99@dyndns.org,707-932-2461,true,8/3/2023,Male,482.31 zł,9/10/1969
335,El,Rusbridge,erusbridge9a@webs.com,374-630-0607,true,4/29/2022,Male,2110.36 zł,9/16/1984
336,Kendra,Bernholt,kbernholt9b@linkedin.com,562-796-6054,true,10/11/2022,Female,50.49 zł,6/22/1973
337,Ruy,Peartree,rpeartree9c@storify.com,705-744-9049,true,4/29/2023,Male,1743.30 zł,6/4/1975
338,Tabbatha,O'Kynsillaghe,tokynsillaghe9d@howstuffworks.com,142-757-3931,true,4/19/2023,Female,73.41 zł,10/14/1941
339,Stu,Martinez,smartinez9e@joomla.org,317-882-7643,false,12/13/2020,Male,1161.92 zł,6/29/1996
340,Hiram,Brede,hbrede9f@springer.com,391-460-0840,true,7/16/2021,Male,549.65 zł,1/26/1991
341,Lindsay,Sibun,lsibun9g@wufoo.com,974-743-3849,false,5/26/2020,Male,1693.60 zł,12/17/1933
342,Joelynn,Chavey,jchavey9h@t-online.de,721-322-9167,true,10/17/2023,Female,1860.69 zł,1/31/2010
343,Adrianne,Labat,alabat9i@microsoft.com,486-914-4505,false,9/2/2021,Female,753.94 zł,10/25/1930
344,Ulick,L' Anglois,ulanglois9j@dailymotion.com,387-296-5901,false,1/4/2021,Male,1343.50 zł,5/28/2005
345,Rourke,Blakeley,rblakeley9k@dedecms.com,825-851-3758,false,2/18/2021,Male,1022.52 zł,8/28/1971
346,Marijo,Lyddyard,mlyddyard9l@devhub.com,935-398-2626,false,1/31/2020,Female,1847.59 zł,5/7/1984
347,Sonni,Prujean,sprujean9m@seesaa.net,304-320-4526,false,6/26/2020,Female,1456.14 zł,1/7/1970
348,Steve,Crossman,scrossman9n@sogou.com,388-273-4775,false,10/22/2023,Male,646.30 zł,9/30/1985
349,Desmund,Bulteel,dbulteel9o@google.ru,580-257-9550,false,12/13/2021,Male,653.98 zł,8/26/1957
350,Derril,Gimbrett,dgimbrett9p@hostgator.com,937-506-3058,false,3/18/2021,Male,1201.47 zł,2/10/1972
351,Feodora,Howick,fhowick9q@ucoz.com,921-764-8543,false,1/21/2023,Female,2135.08 zł,7/28/1964
352,Bridgette,Beale,bbeale9r@amazon.co.uk,566-985-2504,false,9/29/2023,Female,708.09 zł,10/23/1956
353,Wendie,Wellwood,wwellwood9s@usa.gov,181-673-9542,true,2/4/2020,Female,810.50 zł,1/25/1995
354,Iggie,Anderson,ianderson9t@comsenz.com,195-716-4263,false,8/26/2021,Male,671.24 zł,11/9/1970
355,Seumas,Shieldon,sshieldon9u@google.nl,254-151-2849,true,2/15/2022,Male,902.13 zł,3/10/1939
356,Duff,Giovanetti,dgiovanetti9v@dagondesign.com,180-164-2558,false,10/24/2022,Male,323.76 zł,8/1/1939
357,Rhodie,Belfitt,rbelfitt9w@omniture.com,308-355-6150,false,2/20/2021,Female,358.46 zł,11/11/2006
358,Marcel,Guy,mguy9x@yolasite.com,200-960-9966,true,12/7/2021,Male,842.96 zł,8/5/1978
359,Marja,McGaughey,mmcgaughey9y@desdev.cn,519-736-8943,false,8/3/2023,Agender,1160.09 zł,3/22/1962
360,Thoma,Ruben,truben9z@samsung.com,268-908-2732,false,8/5/2021,Male,1129.07 zł,2/24/2002
361,Esmeralda,Sacase,esacasea0@rakuten.co.jp,720-423-3317,false,8/23/2020,Female,1400.18 zł,10/2/1933
362,Collen,Dowzell,cdowzella1@icio.us,919-539-2123,false,9/5/2020,Female,1631.43 zł,12/1/1975
363,Mab,Menel,mmenela2@lycos.com,654-270-5815,true,5/25/2023,Female,577.48 zł,8/24/1947
364,Irene,Chaffer,ichaffera3@mail.ru,473-110-7046,false,4/23/2023,Female,393.66 zł,6/15/1924
365,Marcille,Coplestone,mcoplestonea4@army.mil,853-884-7351,false,6/24/2021,Female,1179.31 zł,1/15/2008
366,Tilly,Bakes,tbakesa5@wired.com,361-911-6323,true,3/7/2023,Female,997.33 zł,3/9/1991
367,Hazel,Abdy,habdya6@altervista.org,605-711-3118,true,10/6/2019,Polygender,1215.23 zł,3/23/2001
368,Esra,Tripp,etrippa7@cbc.ca,179-488-9143,false,11/8/2023,Male,275.80 zł,9/24/1972
369,Kerry,Mattson,kmattsona8@nymag.com,509-149-9913,true,7/28/2023,Male,1382.93 zł,2/3/2006
370,Correy,Kimmince,ckimmincea9@parallels.com,938-359-3375,true,1/9/2022,Female,336.80 zł,9/17/1935
371,Filberte,Arnett,farnettaa@springer.com,120-123-7170,true,2/8/2023,Male,2060.61 zł,9/8/2010
372,Tynan,Alway,talwayab@newyorker.com,242-872-9749,false,1/3/2022,Male,1366.89 zł,2/12/2010
373,Lark,Amort,lamortac@hugedomains.com,812-460-6727,true,4/19/2020,Female,94.86 zł,7/1/1978
374,Susi,Inkpin,sinkpinad@hp.com,870-802-5491,false,9/8/2021,Genderfluid,1558.42 zł,7/20/2002
375,Bald,Seneschal,bseneschalae@businessinsider.com,124-257-7812,true,7/13/2022,Male,73.13 zł,7/10/2000
376,Garvey,Winkett,gwinkettaf@pinterest.com,689-463-7952,true,2/13/2021,Agender,462.14 zł,6/10/1952
377,Ilyssa,Blakely,iblakelyag@google.fr,796-562-8084,false,2/10/2020,Female,2114.02 zł,10/24/1972
378,Evey,Pellew,epellewah@blinklist.com,805-153-7268,true,6/28/2021,Female,1701.61 zł,7/11/1976
379,Horst,McTiernan,hmctiernanai@google.com,680-132-2165,false,3/13/2023,Male,2048.31 zł,7/1/1959
380,Foster,Crossman,fcrossmanaj@businesswire.com,172-671-9594,true,6/13/2020,Genderfluid,984.76 zł,3/15/1972
381,Colline,MacCaffrey,cmaccaffreyak@deliciousdays.com,914-888-9636,true,7/15/2023,Female,1422.22 zł,7/16/1997
382,Dorian,Pennock,dpennockal@rediff.com,344-752-0386,false,10/12/2023,Male,1697.57 zł,7/9/1950
383,Zia,Guerri,zguerriam@japanpost.jp,526-290-7969,true,4/9/2021,Female,899.40 zł,5/25/1968
384,Ignazio,Mewett,imewettan@cargocollective.com,884-623-8007,false,10/7/2019,Male,163.83 zł,4/2/1996
385,Tootsie,Gonnard,tgonnardao@wix.com,250-336-1092,false,9/10/2020,Female,162.85 zł,10/23/1992
386,Sidonnie,Coo,scooap@cnbc.com,759-660-3016,true,10/21/2019,Female,547.79 zł,8/2/1997
387,Benoite,Shutt,bshuttaq@theglobeandmail.com,455-411-5803,true,7/31/2021,Female,1072.40 zł,6/1/1980
388,Concettina,Darnborough,cdarnboroughar@google.pl,409-477-9680,false,8/5/2022,Female,339.67 zł,12/6/1997
389,Hortensia,Carnew,hcarnewas@altervista.org,164-532-2879,false,1/11/2023,Female,1174.63 zł,4/22/1986
390,Marchelle,Kenworthey,mkenwortheyat@merriam-webster.com,342-816-5503,false,1/11/2023,Female,2005.26 zł,3/10/1955
391,Charlene,Oxby,coxbyau@slideshare.net,677-937-3350,true,10/17/2020,Female,247.64 zł,9/2/1988
392,Toma,Jewkes,tjewkesav@webeden.co.uk,921-287-5888,true,8/18/2020,Female,789.32 zł,8/2/1960
393,Mechelle,Konmann,mkonmannaw@arstechnica.com,638-747-0896,false,4/2/2023,Female,270.48 zł,2/25/1981
394,Freedman,Zimmermanns,fzimmermannsax@paypal.com,124-298-1450,true,9/1/2020,Male,122.61 zł,5/9/1939
395,Jorry,Skittreal,jskittrealay@youtube.com,274-698-3433,true,12/30/2021,Female,410.08 zł,9/18/1963
396,Tan,Grioli,tgrioliaz@jimdo.com,243-186-6149,false,7/12/2022,Male,1749.96 zł,6/23/1978
397,Shermy,Alejo,salejob0@paginegialle.it,713-335-6971,false,1/29/2021,Male,730.53 zł,4/17/1965
398,Kerr,Dahler,kdahlerb1@skype.com,103-729-3878,true,7/2/2020,Male,526.86 zł,6/22/1964
399,Hayward,O'Loghlen,hologhlenb2@liveinternet.ru,309-899-3598,false,10/11/2022,Male,931.87 zł,5/7/1990
400,Wilow,Di Bartolomeo,wdibartolomeob3@liveinternet.ru,986-663-6372,true,2/15/2023,Female,1002.37 zł,5/24/1969
401,Kim,Amberson,kambersonb4@xrea.com,899-377-2954,true,11/5/2019,Female,311.74 zł,11/1/1928
402,Doreen,Cairns,dcairnsb5@ucla.edu,982-750-9046,true,4/27/2023,Female,466.01 zł,4/17/1987
403,Shelba,Andover,sandoverb6@google.ca,712-396-4774,false,8/10/2020,Female,1666.68 zł,11/2/1995
404,Janey,Lusgdin,jlusgdinb7@gnu.org,348-443-9419,true,11/19/2020,Female,2119.88 zł,3/8/2000
405,Amalle,Garnar,agarnarb8@omniture.com,298-412-5409,true,2/28/2020,Female,240.05 zł,2/28/1980
406,Nedi,Imm,nimmb9@behance.net,224-527-9587,true,10/10/2023,Female,809.08 zł,11/22/1962
407,Frieda,Hainge,fhaingeba@intel.com,450-978-8510,false,5/20/2022,Female,317.57 zł,11/25/1977
408,Raeann,Balke,rbalkebb@feedburner.com,174-857-2887,true,10/13/2023,Agender,1549.13 zł,6/1/1942
409,Justino,Braunes,jbraunesbc@freewebs.com,773-679-6225,true,9/2/2021,Male,98.44 zł,11/7/1941
410,Martelle,Imort,mimortbd@prnewswire.com,650-498-2671,true,4/13/2022,Female,730.20 zł,10/11/1940
411,Harris,MacGilpatrick,hmacgilpatrickbe@ucla.edu,790-267-1104,false,12/20/2022,Male,1709.72 zł,8/8/1990
412,Stanton,Burchett,sburchettbf@google.fr,466-637-2754,false,10/22/2023,Male,1912.24 zł,12/20/2003
413,Davy,Freyne,dfreynebg@census.gov,736-773-0112,true,9/10/2023,Male,2036.61 zł,11/1/1961
414,Danni,Skade,dskadebh@pen.io,765-439-4671,true,2/15/2021,Female,1464.47 zł,8/18/1940
415,Jobie,Cossington,jcossingtonbi@privacy.gov.au,662-593-3046,true,9/26/2019,Female,1972.54 zł,4/11/1946
416,Oriana,Sign,osignbj@pen.io,252-233-8809,false,12/6/2019,Female,203.75 zł,1/13/1929
417,Ronnica,Rowly,rrowlybk@sciencedirect.com,438-427-9114,false,8/28/2020,Female,273.64 zł,1/13/1949
418,Johnath,Van Arsdall,jvanarsdallbl@techcrunch.com,269-640-8424,true,12/15/2021,Female,1938.70 zł,12/12/1930
419,Arni,Rush,arushbm@deliciousdays.com,142-665-3466,true,3/31/2022,Male,1341.11 zł,11/18/1960
420,Hubey,Haddleston,hhaddlestonbn@tinyurl.com,559-943-1075,false,7/3/2022,Male,1317.08 zł,10/12/1953
421,Eadith,Mathwin,emathwinbo@tripod.com,415-358-0345,true,4/22/2020,Female,386.60 zł,5/19/1988
422,Jacinta,Boughtflower,jboughtflowerbp@engadget.com,454-694-6537,false,3/28/2021,Female,1090.51 zł,11/8/1944
423,Kevina,Whitby,kwhitbybq@dagondesign.com,311-426-9038,true,8/27/2019,Genderqueer,33.12 zł,4/11/2005
424,Winslow,Geely,wgeelybr@ycombinator.com,829-218-9496,true,1/23/2023,Male,889.36 zł,1/8/2000
425,Romona,Jagiela,rjagielabs@harvard.edu,959-538-4224,false,7/29/2020,Female,2005.56 zł,11/12/1956
426,Rodrique,Bliben,rblibenbt@senate.gov,371-731-6309,false,2/20/2023,Male,72.29 zł,2/25/1941
427,Myrta,Rawes,mrawesbu@freewebs.com,852-670-7206,true,7/10/2020,Female,1983.55 zł,12/28/1992
428,Korry,Doggerell,kdoggerellbv@wisc.edu,907-703-4424,false,3/7/2022,Agender,1173.02 zł,2/13/1984
429,Mabelle,Petow,mpetowbw@furl.net,829-623-2168,false,7/27/2022,Female,1549.86 zł,6/29/1981
430,Maddie,Ratke,mratkebx@domainmarket.com,872-397-6268,false,12/1/2021,Female,1453.94 zł,9/4/1932
431,Loleta,Clerke,lclerkeby@sciencedaily.com,274-873-8802,false,8/7/2021,Female,660.31 zł,12/18/2006
432,Marney,Mewburn,mmewburnbz@who.int,533-212-6965,true,9/27/2023,Non-binary,1412.89 zł,10/15/1966
433,Virge,Dash,vdashc0@sciencedaily.com,588-378-7338,true,2/4/2022,Male,801.68 zł,10/8/1998
434,Raychel,Balaisot,rbalaisotc1@stanford.edu,976-584-7809,false,10/24/2023,Female,1833.96 zł,8/2/1929
435,Michal,Rixon,mrixonc2@shutterfly.com,776-812-1401,true,1/16/2021,Male,1240.49 zł,1/16/1997
436,Basia,Meakin,bmeakinc3@lycos.com,676-468-9441,false,8/31/2021,Female,1914.89 zł,1/29/1939
437,Shayna,Latham,slathamc4@amazon.com,343-757-9990,false,8/16/2020,Female,1989.78 zł,5/13/1938
438,Giacobo,Scarce,gscarcec5@odnoklassniki.ru,738-335-8445,false,8/15/2021,Male,830.04 zł,1/28/1975
439,Heywood,Bairstow,hbairstowc6@gizmodo.com,198-672-5098,true,10/1/2023,Male,971.52 zł,1/29/2004
440,Mendie,Sandy,msandyc7@census.gov,303-204-9338,false,4/21/2021,Male,380.19 zł,5/26/1998
441,Myrvyn,Cousin,mcousinc8@home.pl,891-518-3561,false,3/23/2022,Male,909.71 zł,2/14/1975
442,Dori,Dobrovsky,ddobrovskyc9@sohu.com,257-883-5906,false,9/4/2021,Genderfluid,1244.41 zł,4/27/1978
443,Zeke,Beeswing,zbeeswingca@sakura.ne.jp,934-769-0755,false,12/16/2020,Male,2077.76 zł,4/18/1961
444,Lana,Sirl,lsirlcb@yellowbook.com,412-360-1566,false,9/9/2019,Polygender,131.46 zł,1/12/1969
445,Rainer,Haliburton,rhaliburtoncc@issuu.com,128-248-0248,false,4/17/2022,Non-binary,1781.11 zł,12/5/1957
446,Nealon,Guillond,nguillondcd@geocities.com,979-487-7236,true,1/9/2022,Male,1977.36 zł,7/11/2001
447,Fernande,Bertelet,fberteletce@springer.com,692-139-1532,true,6/21/2022,Female,1734.86 zł,11/6/2006
448,Mireielle,Rivitt,mrivittcf@facebook.com,846-147-8080,true,7/14/2021,Female,1393.95 zł,8/4/1932
449,Julita,Lanfranchi,jlanfranchicg@sfgate.com,532-914-8463,false,4/25/2023,Female,1958.93 zł,3/5/1957
450,Natalya,Kagan,nkaganch@telegraph.co.uk,184-295-3783,false,3/7/2020,Female,1406.65 zł,7/20/2000
451,Loydie,Phoenix,lphoenixci@studiopress.com,295-115-7998,true,4/15/2020,Male,1394.79 zł,11/14/1944
452,Fulton,Matuszynski,fmatuszynskicj@networksolutions.com,571-755-7210,true,4/4/2023,Male,1577.99 zł,4/7/1948
453,Elset,Dmtrovic,edmtrovicck@unblog.fr,741-570-8039,false,11/3/2019,Female,1203.00 zł,4/26/2005
454,Howey,Dorin,hdorincl@ebay.com,682-708-7294,false,11/24/2019,Male,1477.90 zł,12/24/1997
455,Natka,Lamey,nlameycm@google.ca,230-177-8372,false,5/22/2020,Female,1432.70 zł,4/28/2006
456,Verney,McGilvra,vmcgilvracn@discovery.com,770-197-5085,false,4/12/2021,Male,1242.38 zł,11/29/1969
457,Minni,Rubinsohn,mrubinsohnco@squidoo.com,614-933-8768,false,4/24/2021,Female,770.02 zł,8/13/1943
458,Si,Gready,sgreadycp@samsung.com,623-177-2431,true,12/3/2019,Male,1708.23 zł,10/29/1968
459,Kile,Sephton,ksephtoncq@cmu.edu,784-215-3259,false,1/14/2020,Genderfluid,1177.25 zł,1/5/1956
460,Talyah,Seniour,tseniourcr@geocities.jp,637-333-2895,false,4/8/2021,Female,1554.74 zł,12/7/1944
461,Benjie,Bilham,bbilhamcs@hao123.com,509-414-4921,true,3/19/2020,Male,613.96 zł,9/1/1947
462,Blaine,Lambdin,blambdinct@fastcompany.com,646-788-5154,false,12/17/2019,Male,1471.33 zł,7/26/1965
463,Elka,Selland,esellandcu@wiley.com,735-781-8241,false,11/20/2020,Female,1608.88 zł,3/2/1983
464,Piggy,Bortoli,pbortolicv@ted.com,744-225-1274,false,5/15/2020,Male,1451.68 zł,8/10/1979
465,Otis,Cousin,ocousincw@xinhuanet.com,360-982-1491,false,3/25/2021,Male,1230.40 zł,1/11/1965
466,Yolanthe,Seabrook,yseabrookcx@tripod.com,745-689-9112,true,3/24/2020,Female,674.80 zł,2/17/1999
467,Dorothy,Collisson,dcollissoncy@macromedia.com,121-665-1579,true,2/6/2023,Female,1692.44 zł,2/7/1992
468,Kent,Wixon,kwixoncz@redcross.org,686-262-9651,false,10/12/2020,Male,413.92 zł,10/9/1996
469,Maison,Ashwell,mashwelld0@blogtalkradio.com,436-952-7062,true,2/3/2021,Male,256.17 zł,2/24/1987
470,Martica,Kindleysides,mkindleysidesd1@businesswire.com,874-293-6410,false,12/4/2020,Female,981.00 zł,6/7/1931
471,Dane,Ratlee,dratleed2@discovery.com,886-897-1707,false,7/25/2021,Male,1628.46 zł,4/23/1976
472,Robina,Picard,rpicardd3@privacy.gov.au,648-353-0392,false,8/27/2021,Female,913.85 zł,8/27/2005
473,Tami,Robelow,trobelowd4@bizjournals.com,532-344-2412,false,8/23/2020,Female,691.54 zł,10/15/1971
474,Jacquelyn,Benallack,jbenallackd5@ameblo.jp,810-183-7561,false,8/22/2019,Female,1801.80 zł,11/16/1978
475,Bentlee,Passingham,bpassinghamd6@cyberchimps.com,256-997-4852,true,5/16/2023,Male,658.18 zł,3/28/2005
476,Domingo,Yve,dyved7@ustream.tv,832-735-9983,false,11/10/2019,Agender,755.36 zł,3/21/1988
477,Dusty,Gaitone,dgaitoned8@mediafire.com,856-270-6813,true,6/29/2023,Female,1135.68 zł,7/17/1935
478,Mona,Lanaway,mlanawayd9@cocolog-nifty.com,584-452-4773,true,8/2/2021,Genderfluid,42.46 zł,5/21/1976
479,Aurea,Raeburn,araeburnda@tuttocitta.it,902-517-1343,false,8/20/2020,Female,581.71 zł,11/14/1976
480,Tonia,Jagielski,tjagielskidb@de.vu,458-246-1902,true,3/28/2021,Female,979.67 zł,8/27/1942
481,Sebastiano,Rapport,srapportdc@seesaa.net,255-908-4717,false,6/12/2021,Male,2021.45 zł,11/22/1984
482,Barbee,Asman,basmandd@gizmodo.com,763-672-8589,false,1/29/2023,Female,1635.05 zł,10/2/1930
483,Ibrahim,Denkin,idenkinde@spotify.com,639-659-9620,true,2/4/2023,Male,911.90 zł,5/30/1986
484,Charyl,Strowther,cstrowtherdf@i2i.jp,590-548-2199,false,1/16/2020,Female,1624.23 zł,9/13/1993
485,Artemis,Sijmons,asijmonsdg@typepad.com,671-944-8476,false,8/13/2021,Male,806.56 zł,8/27/1939
486,Teddie,Foster,tfosterdh@senate.gov,556-561-0210,true,6/6/2021,Non-binary,1491.72 zł,5/23/1983
487,Ricard,Measom,rmeasomdi@spotify.com,898-501-4319,true,8/20/2023,Male,222.73 zł,1/2/1971
488,Martie,Guisot,mguisotdj@twitpic.com,298-740-5923,false,10/20/2019,Female,1983.78 zł,5/19/1969
489,Dorotea,Raiker,draikerdk@ovh.net,749-796-2723,true,11/7/2021,Female,764.06 zł,12/5/1959
490,Bucky,Schollar,bschollardl@ow.ly,713-860-8187,true,5/15/2022,Genderfluid,638.80 zł,5/24/1998
491,Beatrice,Clutton,bcluttondm@redcross.org,304-741-6168,false,5/14/2020,Agender,1343.61 zł,12/13/1993
492,Debbi,Wardle,dwardledn@joomla.org,996-856-8842,true,4/20/2020,Female,1551.82 zł,2/15/2004
493,Sallyanne,Curnow,scurnowdo@tripod.com,699-840-2705,true,2/17/2020,Female,1608.35 zł,11/25/1996
494,Brade,Hagergham,bhagerghamdp@godaddy.com,608-249-6477,true,8/13/2020,Male,1364.84 zł,10/1/1948
495,Palm,Hubery,phuberydq@mozilla.org,236-845-7510,false,1/2/2023,Male,1498.21 zł,12/11/1988
496,Constantino,Caldow,ccaldowdr@nhs.uk,222-274-4578,true,1/28/2020,Male,608.49 zł,1/22/1985
497,Elise,Landis,elandisds@de.vu,749-574-4668,false,10/24/2020,Female,538.70 zł,2/4/1961
498,Seamus,Trodden,stroddendt@patch.com,157-982-8088,true,9/30/2022,Male,416.95 zł,10/5/1979
499,Dorian,Green,dgreendu@forbes.com,529-774-9251,false,7/24/2021,Female,612.28 zł,4/25/1960
500,Walliw,Antonognoli,wantonognolidv@liveinternet.ru,538-129-1136,false,6/7/2021,Female,1830.28 zł,6/11/1965
501,Tanitansy,Pie,tpiedw@people.com.cn,618-672-4983,false,7/17/2020,Female,478.66 zł,11/8/1973
502,Edvard,Crone,ecronedx@uiuc.edu,494-548-2396,false,3/2/2023,Male,799.54 zł,11/4/1961
503,Whitby,Gerckens,wgerckensdy@drupal.org,493-426-0508,true,1/9/2022,Male,395.00 zł,2/17/1978
504,Richmond,Owens,rowensdz@stanford.edu,538-472-5624,true,5/6/2020,Male,1799.97 zł,9/5/1994
505,Mellisa,Corbie,mcorbiee0@shutterfly.com,228-226-6516,true,10/28/2019,Bigender,706.03 zł,11/5/1952
506,Franchot,Filer,ffilere1@yale.edu,448-742-0641,false,11/30/2022,Male,392.58 zł,9/11/1971
507,Reinold,Cradey,rcradeye2@fema.gov,448-761-7509,false,1/5/2023,Male,869.31 zł,12/6/1995
508,Fritz,Comber,fcombere3@toplist.cz,175-415-4794,false,2/14/2021,Male,715.87 zł,12/30/1988
509,Britt,Kaine,bkainee4@vinaora.com,573-288-5922,false,8/4/2023,Male,1782.03 zł,4/18/1985
510,Odelia,Woodworth,owoodworthe5@census.gov,833-118-6930,false,10/28/2020,Female,146.24 zł,5/3/1927
511,Shauna,Towndrow,stowndrowe6@bluehost.com,962-530-6367,false,9/22/2021,Female,832.92 zł,2/13/1944
512,Alessandro,Toffler,atofflere7@unc.edu,467-153-9741,true,10/10/2023,Male,1960.86 zł,9/10/1961
513,Win,Thornton,wthorntone8@cpanel.net,923-996-3058,true,12/16/2021,Male,1187.00 zł,3/29/1997
514,Davina,Raft,drafte9@dot.gov,153-439-6999,false,4/15/2021,Female,792.37 zł,5/26/1925
515,Ameline,Basley,abasleyea@yandex.ru,810-444-1537,true,9/17/2021,Female,1704.06 zł,7/12/1938
516,Sisile,Tampion,stampioneb@mozilla.com,492-910-2973,false,4/20/2023,Female,1918.98 zł,12/16/2006
517,Kele,Gahan,kgahanec@live.com,300-479-9329,true,10/1/2023,Agender,773.33 zł,3/3/1969
518,Ber,Tullett,btulletted@networkadvertising.org,561-529-1563,true,6/23/2023,Male,1551.58 zł,11/16/1966
519,Gardener,Haugh,ghaughee@boston.com,350-948-8954,false,7/10/2023,Male,611.09 zł,6/20/1987
520,Isaac,Weeke,iweekeef@spiegel.de,805-997-2494,false,1/4/2022,Male,1242.79 zł,10/31/1999
521,Valle,Haste,vhasteeg@moonfruit.com,831-582-9701,true,11/23/2019,Male,1678.82 zł,9/4/1951
522,Eleonore,Cartmel,ecartmeleh@examiner.com,865-124-0978,false,1/23/2023,Genderfluid,308.31 zł,10/11/1963
523,Nevsa,Shepheard,nshepheardei@smh.com.au,603-927-5634,false,1/12/2023,Non-binary,72.98 zł,11/15/1977
524,Glyn,McKeurton,gmckeurtonej@wunderground.com,779-813-1742,false,2/12/2021,Male,2038.14 zł,11/6/1947
525,Baxie,Guyver,bguyverek@youtu.be,274-412-6327,false,2/5/2023,Male,296.75 zł,9/3/1963
526,Christean,Innman,cinnmanel@blog.com,247-361-8690,false,4/23/2020,Female,247.55 zł,8/23/1960
527,Leodora,Scurry,lscurryem@microsoft.com,817-565-2111,true,12/15/2021,Female,1509.49 zł,6/20/1974
528,Eddie,Kringe,ekringeen@hp.com,497-128-9388,true,3/5/2020,Female,854.23 zł,1/10/1987
529,Kleon,Rafter,kraftereo@fc2.com,333-997-2966,false,11/7/2023,Male,126.53 zł,9/6/1924
530,Jorry,Fallow,jfallowep@tripod.com,546-786-0207,false,1/29/2021,Female,888.90 zł,1/5/1931
531,Kermit,Hail,khaileq@surveymonkey.com,976-242-1546,true,9/23/2022,Male,1758.61 zł,2/13/1955
532,Dyanna,Lang,dlanger@patch.com,413-877-9814,true,11/5/2021,Female,399.46 zł,12/18/1959
533,Pier,Pybus,ppybuses@samsung.com,651-342-5568,true,11/16/2019,Female,1212.45 zł,8/15/1959
534,Nikolia,Radin,nradinet@newyorker.com,656-443-5315,false,5/13/2022,Bigender,1679.62 zł,8/25/1959
535,Raven,O' Markey,romarkeyeu@umich.edu,692-731-0419,false,4/4/2021,Female,523.46 zł,10/13/1993
536,Gwenni,Kloser,gkloserev@constantcontact.com,972-841-3390,false,12/9/2019,Female,1333.94 zł,11/5/1953
537,Ab,Kidner,akidnerew@hostgator.com,700-460-7236,false,1/9/2022,Agender,1287.79 zł,3/21/1994
538,Skipp,Blacksell,sblacksellex@aol.com,505-569-9625,false,9/8/2021,Bigender,1276.54 zł,5/19/1937
539,Zak,Mussared,zmussaredey@uol.com.br,682-656-1479,true,10/7/2019,Genderfluid,1652.45 zł,1/1/1924
540,Esta,Meechan,emeechanez@printfriendly.com,776-161-3014,true,12/26/2021,Female,546.89 zł,7/3/1928
541,Erich,Dollard,edollardf0@mtv.com,391-898-0008,true,6/4/2023,Male,1398.94 zł,11/20/1976
542,Gil,Harriott,gharriottf1@statcounter.com,188-332-9597,false,4/2/2023,Male,70.53 zł,12/23/1933
543,Ashton,Ferretti,aferrettif2@cpanel.net,670-679-9598,true,7/28/2021,Male,1270.74 zł,6/12/2010
544,Catlaina,Gheorghescu,cgheorghescuf3@freewebs.com,997-977-3767,false,12/9/2021,Genderqueer,808.60 zł,10/14/1954
545,Valentina,Byrne,vbyrnef4@disqus.com,438-643-2923,false,6/1/2022,Female,594.46 zł,3/6/2005
546,Winnie,Klaus,wklausf5@ehow.com,819-918-9322,true,4/5/2023,Male,308.76 zł,11/5/1976
547,Winna,Raggett,wraggettf6@salon.com,571-780-3741,false,1/3/2022,Female,1630.06 zł,6/21/2008
548,Kylie,Wroe,kwroef7@dedecms.com,312-868-1803,true,11/4/2023,Male,1150.46 zł,12/27/1936
549,Octavius,Batterton,obattertonf8@unicef.org,127-268-5954,false,12/22/2022,Male,219.79 zł,1/3/1965
550,Cesya,Sebyer,csebyerf9@blinklist.com,269-327-0198,true,9/30/2023,Female,1475.91 zł,5/27/1985
551,Amy,Sliney,aslineyfa@wikipedia.org,774-197-1989,false,6/26/2021,Female,1352.40 zł,7/15/1939
552,Alasteir,Mordaunt,amordauntfb@indiatimes.com,798-739-0763,false,1/16/2022,Male,1631.11 zł,10/22/2001
553,Suzi,Lere,slerefc@weebly.com,743-304-2701,false,1/24/2021,Female,2064.90 zł,12/30/1936
554,Cora,Ankrett,cankrettfd@pagesperso-orange.fr,251-616-3646,false,9/10/2021,Female,1810.00 zł,6/6/1978
555,Reider,Hutt,rhuttfe@boston.com,194-935-6942,true,6/17/2021,Male,69.43 zł,7/12/1926
556,Rodd,Yearnsley,ryearnsleyff@paypal.com,651-429-3691,false,9/18/2022,Male,1789.33 zł,10/16/1996
557,Mei,Ranscomb,mranscombfg@hugedomains.com,486-144-3489,false,4/20/2020,Female,115.50 zł,9/20/1976
558,Misha,Rowlson,mrowlsonfh@ft.com,730-822-7601,false,1/22/2020,Female,1593.10 zł,8/13/1926
559,Calv,O'Neal,conealfi@yolasite.com,879-310-5142,true,10/31/2019,Male,1738.90 zł,5/31/1926
560,Antoni,Jopling,ajoplingfj@eventbrite.com,709-857-5141,true,7/18/2020,Male,921.37 zł,8/12/1973
561,Alphonse,Osborn,aosbornfk@people.com.cn,208-615-3326,false,4/22/2021,Male,238.23 zł,2/10/1994
562,Salvidor,Shynn,sshynnfl@fotki.com,806-114-4892,true,5/25/2022,Male,822.38 zł,7/15/1970
563,Carling,Tax,ctaxfm@etsy.com,187-108-8780,true,1/5/2021,Male,320.86 zł,3/7/1996
564,Jobye,Beswell,jbeswellfn@hugedomains.com,748-615-1407,true,7/14/2020,Female,892.82 zł,2/21/1945
565,Farra,Gian,fgianfo@imgur.com,534-875-5338,false,11/30/2019,Female,1668.15 zł,1/21/1945
566,Garvey,Olivet,golivetfp@hhs.gov,167-720-8791,false,11/29/2019,Male,727.18 zł,10/9/1983
567,Waylan,Given,wgivenfq@gmpg.org,533-621-0721,true,5/2/2022,Male,1987.19 zł,1/28/1933
568,Emelyne,Shoorbrooke,eshoorbrookefr@nationalgeographic.com,724-660-1688,false,4/28/2022,Female,1084.53 zł,4/16/1933
569,Robbie,Grix,rgrixfs@tumblr.com,760-623-9221,false,12/30/2021,Female,217.15 zł,2/9/1956
570,Reed,Lewtey,rlewteyft@japanpost.jp,331-645-4590,false,3/12/2023,Male,400.46 zł,8/13/1972
571,Artair,Breheny,abrehenyfu@cdc.gov,991-828-3133,true,9/26/2019,Male,2116.31 zł,1/17/1955
572,Aurelie,Matejic,amatejicfv@ca.gov,710-400-3901,true,1/24/2021,Female,355.82 zł,7/28/2005
573,Olly,Bolderson,oboldersonfw@cnet.com,739-670-3848,false,7/22/2021,Male,120.11 zł,8/12/1976
574,Wallache,Spensly,wspenslyfx@360.cn,668-391-5402,false,11/22/2020,Male,846.87 zł,8/1/1959
575,Burtie,Smorfit,bsmorfitfy@acquirethisname.com,309-464-9477,true,5/13/2021,Male,342.52 zł,6/27/2009
576,Carolyne,Burton,cburtonfz@foxnews.com,356-464-4499,true,5/5/2023,Female,1048.80 zł,6/29/1933
577,Ricky,Farr,rfarrg0@techcrunch.com,153-455-2518,false,5/31/2022,Male,520.24 zł,10/19/1951
578,Dorian,Commuzzo,dcommuzzog1@google.it,804-673-0840,false,7/26/2021,Female,1594.01 zł,12/29/1997
579,Malory,Osgardby,mosgardbyg2@cyberchimps.com,531-727-5565,false,2/3/2020,Female,517.68 zł,3/16/1987
580,Ravi,Gordge,rgordgeg3@youtu.be,290-156-3654,true,12/29/2020,Male,1605.06 zł,5/3/1967
581,Rafa,Riccetti,rriccettig4@goo.gl,894-487-4603,true,11/26/2019,Female,1815.91 zł,10/22/1925
582,Flora,Gwynne,fgwynneg5@examiner.com,545-428-8612,false,8/12/2022,Bigender,305.01 zł,2/12/1961
583,Darrick,Rotchell,drotchellg6@wordpress.org,428-885-3793,true,11/6/2020,Male,2080.03 zł,10/8/1941
584,Marcello,Licciardiello,mlicciardiellog7@godaddy.com,691-606-0394,false,9/9/2023,Male,1516.99 zł,10/6/1927
585,Joaquin,MacKniely,jmacknielyg8@mozilla.org,347-538-5130,true,6/3/2021,Male,1125.03 zł,11/6/1936
586,Lou,Sympson,lsympsong9@eventbrite.com,881-306-1091,false,10/6/2022,Male,729.99 zł,10/6/2000
587,Devlin,Warnes,dwarnesga@ftc.gov,681-464-6499,true,11/28/2021,Male,1264.64 zł,2/26/2009
588,Christoforo,Snasdell,csnasdellgb@google.com.au,702-668-7444,true,1/22/2021,Male,127.01 zł,12/2/2004
589,Isabelita,Britian,ibritiangc@mapquest.com,136-655-3281,false,11/29/2022,Female,676.18 zł,12/2/1936
590,Stavros,Dusting,sdustinggd@purevolume.com,544-841-1695,false,4/4/2023,Male,1158.66 zł,5/27/2004
591,Kort,Davers,kdaversge@dell.com,303-468-7870,false,6/4/2023,Male,913.88 zł,2/9/1979
592,Faulkner,Wibberley,fwibberleygf@bigcartel.com,672-461-4445,true,7/23/2021,Male,208.38 zł,9/14/1945
593,Regan,Pohling,rpohlinggg@4shared.com,593-753-1123,false,12/22/2019,Male,488.22 zł,10/16/1929
594,Gradey,Wakeley,gwakeleygh@ibm.com,231-210-1690,false,11/21/2020,Male,1279.12 zł,6/4/2007
595,Meris,Duly,mdulygi@indiatimes.com,830-652-3024,false,8/31/2019,Female,212.17 zł,7/27/1996
596,Jon,Rikkard,jrikkardgj@discuz.net,228-171-5676,false,4/18/2023,Male,659.18 zł,11/24/1923
597,Bancroft,Stepto,bsteptogk@nationalgeographic.com,109-650-2907,false,6/10/2021,Male,1100.71 zł,3/27/1987
598,Ianthe,Klich,iklichgl@lulu.com,600-499-1431,true,7/4/2021,Genderfluid,877.21 zł,2/19/1994
599,Ewart,Bengoechea,ebengoecheagm@bloomberg.com,447-218-5549,false,8/31/2023,Male,465.56 zł,1/19/2007
600,Gregorio,Rowes,growesgn@dyndns.org,840-334-7373,true,9/1/2022,Male,221.03 zł,4/12/1985
601,Russell,Tuppeny,rtuppenygo@is.gd,177-102-4125,false,2/24/2022,Male,1706.90 zł,10/3/1941
602,Lemuel,Fireman,lfiremangp@prlog.org,731-546-1248,false,11/6/2021,Male,1340.49 zł,7/19/1941
603,Boris,Swaden,bswadengq@so-net.ne.jp,466-516-4389,true,10/2/2019,Male,1730.14 zł,11/17/1993
604,Jenica,Iacomi,jiacomigr@fc2.com,600-756-6164,true,10/7/2020,Genderqueer,1990.08 zł,10/9/2010
605,Gill,Livesay,glivesaygs@discovery.com,267-766-3512,false,1/13/2023,Male,1900.57 zł,1/8/2006
606,Wallie,De Cruz,wdecruzgt@cyberchimps.com,619-378-6634,true,7/2/2020,Agender,1920.19 zł,5/11/1950
607,Jessica,Marton,jmartongu@1688.com,406-282-5077,false,12/2/2021,Female,1821.52 zł,7/3/1981
608,Marleah,Pimlock,mpimlockgv@mayoclinic.com,838-924-0390,true,8/27/2019,Female,1780.49 zł,9/6/1951
609,Celia,Pendell,cpendellgw@yahoo.com,162-286-4341,true,5/26/2022,Female,1540.89 zł,8/2/1944
610,Walther,Bales,wbalesgx@mayoclinic.com,728-873-7452,false,7/19/2023,Male,1959.01 zł,4/16/1962
611,Marty,Capoun,mcapoungy@bbb.org,319-691-0921,true,12/30/2019,Male,1762.74 zł,3/26/1934
612,See,Dodwell,sdodwellgz@cafepress.com,550-147-5833,false,1/4/2022,Male,815.93 zł,8/18/1958
613,Caroline,Kembrey,ckembreyh0@infoseek.co.jp,605-911-9303,true,12/31/2022,Female,1498.43 zł,12/4/1995
614,Colman,Kleinberer,ckleinbererh1@gizmodo.com,862-397-7972,true,11/12/2020,Male,114.23 zł,4/23/1980
615,Isak,Kinsett,ikinsetth2@ehow.com,135-950-7038,false,2/17/2022,Male,305.72 zł,2/6/1978
616,Ives,Tocque,itocqueh3@wordpress.com,828-675-4607,false,10/6/2020,Male,1914.14 zł,2/6/2008
617,Phillipe,Bonellie,pbonellieh4@shareasale.com,519-961-5177,true,11/26/2019,Male,576.39 zł,2/15/1941
618,Arlana,Mogenot,amogenoth5@cbc.ca,735-699-2119,false,9/20/2022,Female,1707.43 zł,8/22/1974
619,Alberta,Brody,abrodyh6@businesswire.com,253-439-7909,false,9/5/2023,Female,950.93 zł,12/18/1935
620,Purcell,Tomasik,ptomasikh7@freewebs.com,306-741-4798,true,9/14/2020,Genderqueer,1922.27 zł,7/31/1969
621,Dennie,Geke,dgekeh8@histats.com,281-726-2281,true,4/5/2023,Female,1004.78 zł,12/9/1979
622,Roderich,Marland,rmarlandh9@cyberchimps.com,418-822-8464,false,4/30/2020,Male,1447.57 zł,11/24/1965
623,Lorant,Izzett,lizzettha@msn.com,558-984-7951,false,1/5/2023,Genderqueer,1466.76 zł,4/18/1985
624,Annabal,Fellos,afelloshb@intel.com,899-723-4047,true,5/8/2021,Female,1085.10 zł,3/23/1940
625,Graehme,Kliment,gklimenthc@histats.com,486-998-6708,true,11/4/2020,Male,814.74 zł,8/18/1983
626,Jonathan,Abdey,jabdeyhd@shareasale.com,450-906-3514,true,5/21/2021,Genderqueer,1420.53 zł,7/8/1949
627,Hank,Coolbear,hcoolbearhe@slideshare.net,849-823-1600,true,6/29/2022,Male,1994.64 zł,8/2/1975
628,Hermie,Agutter,hagutterhf@a8.net,298-364-2278,true,4/10/2022,Male,1393.25 zł,1/15/1959
629,Catherina,Pitcock,cpitcockhg@auda.org.au,815-244-1863,true,1/2/2023,Female,1995.92 zł,9/10/1925
630,Sutherland,Wallbutton,swallbuttonhh@123-reg.co.uk,841-254-3667,false,10/7/2020,Male,2028.83 zł,3/8/1984
631,Nestor,Fetters,nfettershi@cafepress.com,367-559-1470,false,12/29/2022,Genderqueer,393.59 zł,9/30/1939
632,Krystal,Hanvey,khanveyhj@columbia.edu,912-534-3327,true,12/15/2022,Bigender,1713.40 zł,1/6/1966
633,Josey,Spry,jspryhk@un.org,327-161-6659,false,10/19/2020,Female,1546.80 zł,10/30/1970
634,Heidi,Chiverton,hchivertonhl@webnode.com,586-146-0224,true,9/17/2020,Female,278.47 zł,11/14/1998
635,Davide,McPolin,dmcpolinhm@hostgator.com,918-946-8707,true,8/16/2023,Male,560.75 zł,6/20/1949
636,Celinda,Visco,cviscohn@mapy.cz,108-652-6799,false,1/14/2022,Agender,656.96 zł,12/21/2008
637,Eveleen,Jurgensen,ejurgensenho@oaic.gov.au,343-749-9858,false,11/9/2023,Female,680.08 zł,11/30/1965
638,Estel,Gantlett,egantletthp@va.gov,129-274-9505,true,11/28/2021,Female,868.14 zł,9/21/1984
639,Freddie,Polamontayne,fpolamontaynehq@seattletimes.com,993-732-8724,true,7/3/2023,Female,1772.05 zł,12/5/1993
640,Alfreda,Assad,aassadhr@squarespace.com,651-220-9603,false,2/23/2020,Female,1791.64 zł,3/29/1960
641,Cyrillus,Thraves,cthraveshs@hexun.com,325-870-5529,false,1/5/2021,Male,641.80 zł,7/30/1980
642,Charlene,Freschi,cfreschiht@ca.gov,906-970-7789,true,5/7/2023,Female,1004.11 zł,4/15/1964
643,Mab,Coldwell,mcoldwellhu@domainmarket.com,560-529-9452,false,3/11/2023,Bigender,191.11 zł,6/23/1979
644,Viva,D'Agostini,vdagostinihv@wikia.com,285-248-5804,false,10/10/2022,Female,1451.45 zł,11/13/1931
645,Olympie,Sighart,osigharthw@wikispaces.com,978-339-5742,true,7/26/2020,Female,563.86 zł,5/23/1942
646,Dietrich,Harlin,dharlinhx@hostgator.com,114-121-7060,false,11/19/2021,Male,858.13 zł,1/9/1965
647,Sallee,Dregan,sdreganhy@accuweather.com,233-507-0105,false,1/26/2021,Female,1371.43 zł,9/5/1928
648,Frayda,Juschke,fjuschkehz@eventbrite.com,304-652-2576,false,1/21/2020,Female,431.77 zł,7/20/1955
649,Cherida,Pougher,cpougheri0@yale.edu,547-907-2057,false,6/28/2022,Non-binary,1750.24 zł,4/24/2002
650,Gunner,Kimmel,gkimmeli1@macromedia.com,635-233-1716,false,4/14/2023,Non-binary,713.06 zł,4/24/1967
651,Ilka,Caress,icaressi2@amazonaws.com,467-605-5961,true,1/13/2020,Female,990.02 zł,12/29/1991
652,Charmain,Edgeson,cedgesoni3@examiner.com,732-677-8822,false,6/25/2021,Female,1064.54 zł,4/3/1961
653,Marne,Iacovolo,miacovoloi4@redcross.org,676-795-5561,true,10/20/2019,Genderqueer,2108.04 zł,10/26/1940
654,Chris,Evamy,cevamyi5@mac.com,680-120-4698,false,7/18/2023,Female,623.30 zł,7/18/1934
655,Berte,Ambrosetti,bambrosettii6@washingtonpost.com,643-522-0211,true,5/20/2022,Female,2126.16 zł,1/16/1953
656,Derek,Mapam,dmapami7@netvibes.com,970-780-5656,false,10/25/2019,Genderqueer,1498.59 zł,8/6/1996
657,Hillery,Matokhnin,hmatokhnini8@mit.edu,158-672-4211,true,12/18/2022,Male,297.02 zł,10/18/2010
658,Gillian,Cissen,gcisseni9@sun.com,739-296-3315,true,5/17/2022,Female,474.29 zł,12/30/1939
659,Gloria,Fee,gfeeia@i2i.jp,625-931-0135,true,11/9/2023,Agender,2006.05 zł,10/29/1926
660,Neddy,Janos,njanosib@eepurl.com,131-671-7250,true,8/11/2020,Male,1853.64 zł,7/30/1945
661,Galvin,Nield,gnieldic@google.nl,713-916-5986,false,5/14/2023,Male,1595.64 zł,7/20/1932
662,Brigham,Norrington,bnorringtonid@pen.io,230-488-6583,true,9/14/2023,Male,71.23 zł,3/28/1944
663,Gan,Totterdill,gtotterdillie@biglobe.ne.jp,845-678-3020,true,9/8/2021,Male,287.42 zł,1/31/1977
664,Alvan,Swalwell,aswalwellif@ox.ac.uk,855-878-0787,true,9/23/2022,Male,1692.21 zł,7/17/1992
665,Skipp,Jacobssen,sjacobssenig@prnewswire.com,211-272-7357,false,5/7/2023,Male,1696.30 zł,6/26/1984
666,Judah,Furlow,jfurlowih@elegantthemes.com,928-535-4306,false,3/30/2021,Male,475.41 zł,11/15/1991
667,Lev,Manifield,lmanifieldii@patch.com,895-744-9096,false,4/7/2021,Male,196.58 zł,5/26/2007
668,Mathian,Seagrove,mseagroveij@globo.com,311-758-6279,false,4/13/2020,Male,958.46 zł,8/14/1947
669,Faulkner,Tomaino,ftomainoik@hc360.com,992-330-2634,false,1/12/2023,Male,94.81 zł,10/28/1946
670,Felike,Shipsey,fshipseyil@cbslocal.com,570-255-8892,true,8/14/2019,Male,1353.73 zł,6/18/1971
671,Adena,Danev,adanevim@tuttocitta.it,263-730-2432,true,10/27/2019,Female,541.94 zł,6/1/1985
672,Oliy,Moakes,omoakesin@homestead.com,706-738-9015,false,3/5/2020,Female,1359.99 zł,3/6/1960
673,Beatriz,Nanninini,bnannininiio@symantec.com,685-814-8428,false,10/11/2020,Non-binary,758.85 zł,12/16/1925
674,Shoshanna,Rolfi,srolfiip@ow.ly,313-241-0327,false,9/4/2020,Genderfluid,335.71 zł,10/6/1936
675,Rodolfo,Perrins,rperrinsiq@g.co,265-470-0726,true,2/18/2020,Male,178.27 zł,10/15/1988
676,Byram,Kop,bkopir@ocn.ne.jp,219-423-8745,false,7/23/2023,Male,484.17 zł,11/29/1987
677,Paul,Hinz,phinzis@live.com,273-947-6913,true,3/4/2022,Male,726.35 zł,12/19/1982
678,Garreth,Lidgate,glidgateit@nbcnews.com,471-569-4908,true,10/10/2021,Male,1127.88 zł,11/4/2006
679,Toby,Pavlik,tpavlikiu@arstechnica.com,915-899-2760,true,1/26/2022,Male,1871.47 zł,9/10/1971
680,Nevil,Hully,nhullyiv@github.com,513-393-4331,true,2/27/2022,Male,539.10 zł,9/2/1939
681,Milissent,Freeland,mfreelandiw@bloglovin.com,204-729-6969,true,2/13/2022,Female,1662.31 zł,3/29/1943
682,Freedman,Devonside,fdevonsideix@hibu.com,610-133-1553,true,1/24/2021,Male,2070.93 zł,4/4/1967
683,Andrej,Sugg,asuggiy@facebook.com,748-395-4100,true,6/30/2020,Male,947.51 zł,8/31/1938
684,Bartolemo,Redley,bredleyiz@shop-pro.jp,613-255-0796,false,1/27/2022,Male,752.53 zł,12/24/1997
685,Corly,Kruszelnicki,ckruszelnickij0@ihg.com,142-292-6706,false,8/5/2022,Polygender,143.08 zł,11/21/1981
686,Tabby,Shackell,tshackellj1@nymag.com,894-303-9375,false,2/19/2022,Male,237.47 zł,3/24/1949
687,Elden,Gallardo,egallardoj2@globo.com,353-671-9657,true,12/6/2020,Male,660.63 zł,9/23/1996
688,Creight,Kidds,ckiddsj3@utexas.edu,721-139-4691,false,5/8/2023,Male,146.46 zł,10/15/1959
689,Wash,Carpenter,wcarpenterj4@mashable.com,262-178-8012,true,5/13/2023,Genderfluid,730.16 zł,7/10/1995
690,Pattin,Gershom,pgershomj5@cargocollective.com,788-896-6200,true,7/9/2022,Male,652.94 zł,7/23/1937
691,Cathe,Legan,cleganj6@oakley.com,941-587-1319,false,1/10/2022,Female,635.99 zł,9/7/1953
692,Lilllie,Fridlington,lfridlingtonj7@ehow.com,855-841-9470,true,9/12/2023,Female,1870.60 zł,6/4/2000
693,Anette,Spendley,aspendleyj8@nih.gov,131-842-7813,false,3/28/2023,Female,868.45 zł,10/12/1988
694,Berri,Dawber,bdawberj9@newyorker.com,973-784-1894,true,12/1/2020,Female,273.84 zł,8/18/1990
695,Frannie,Nary,fnaryja@networkadvertising.org,713-847-6577,true,9/6/2019,Male,172.04 zł,8/31/1939
696,Ruddy,Linskey,rlinskeyjb@devhub.com,339-386-0107,false,5/3/2021,Male,1957.96 zł,11/19/1945
697,Chilton,Kensall,ckensalljc@facebook.com,973-781-9553,true,7/9/2021,Male,424.57 zł,9/1/1952
698,Abby,Llewhellin,allewhellinjd@last.fm,415-761-8293,true,1/16/2022,Female,957.75 zł,9/23/1976
699,Chrystal,Crammy,ccrammyje@godaddy.com,395-748-9811,true,5/3/2023,Female,1598.39 zł,4/6/1926
700,Shamus,Murty,smurtyjf@hud.gov,256-977-2822,true,11/1/2023,Male,251.47 zł,2/7/1960
701,Loralee,Bubbins,lbubbinsjg@cafepress.com,525-285-1074,false,12/28/2020,Female,635.88 zł,2/9/1926
702,Gilberto,Gumbrell,ggumbrelljh@un.org,573-386-4394,true,3/13/2020,Male,1253.66 zł,3/4/1959
703,Gardiner,Pickthorn,gpickthornji@thetimes.co.uk,539-435-9162,true,3/20/2022,Polygender,1649.28 zł,6/9/1967
704,Elbertina,Overland,eoverlandjj@vistaprint.com,531-348-2580,false,5/28/2022,Bigender,804.69 zł,4/21/2010
705,Florette,Cullinane,fcullinanejk@livejournal.com,699-874-3518,false,1/20/2020,Female,349.67 zł,8/17/1945
706,Neely,Bidgood,nbidgoodjl@utexas.edu,644-604-0323,true,3/22/2023,Female,1636.33 zł,8/31/2006
707,Orelia,MacAvddy,omacavddyjm@wordpress.com,523-982-3366,false,4/27/2020,Bigender,961.51 zł,4/8/2008
708,Stan,Ollin,sollinjn@mapy.cz,360-966-6209,false,6/19/2021,Male,1229.53 zł,7/20/1937
709,Janene,Perkinson,jperkinsonjo@4shared.com,941-470-7498,false,12/11/2020,Female,597.88 zł,8/15/1954
710,Gawen,Wrinch,gwrinchjp@fc2.com,690-433-5973,false,7/12/2021,Male,1854.19 zł,5/15/1955
711,Donovan,Coopman,dcoopmanjq@linkedin.com,406-277-2650,false,2/22/2020,Male,1817.94 zł,3/18/1936
712,Blinni,Syddon,bsyddonjr@bloomberg.com,607-156-0151,true,4/1/2022,Female,2022.09 zł,1/11/1980
713,Elsinore,Rotham,erothamjs@redcross.org,543-489-7228,false,10/28/2021,Female,43.77 zł,1/13/1990
714,Roi,McCardle,rmccardlejt@cbslocal.com,511-151-4674,false,2/17/2020,Male,647.33 zł,6/4/2010
715,Elsinore,Eccleshare,eeccleshareju@usa.gov,554-683-1348,false,12/28/2019,Female,788.15 zł,11/19/1969
716,Sofia,Harland,sharlandjv@people.com.cn,341-119-3766,false,4/5/2023,Female,1062.79 zł,1/21/1956
717,Cynthea,Cohalan,ccohalanjw@zdnet.com,680-387-1444,true,11/20/2020,Female,1052.48 zł,6/30/1984
718,Zena,McGown,zmcgownjx@rambler.ru,937-696-2380,true,10/21/2019,Female,1360.25 zł,12/23/1964
719,Oralla,Shorthill,oshorthilljy@wordpress.org,906-539-3095,true,10/11/2021,Female,80.12 zł,6/16/1955
720,Thacher,Stedell,tstedelljz@examiner.com,403-639-8446,true,9/1/2019,Male,2117.79 zł,5/29/1949
721,Layla,Kondrat,lkondratk0@fc2.com,742-219-1733,false,6/15/2023,Female,353.74 zł,4/3/1962
722,Louise,Cocker,lcockerk1@bbc.co.uk,524-335-3868,false,4/15/2023,Genderfluid,569.48 zł,5/20/1935
723,Rodrique,Girardin,rgirardink2@youtube.com,969-974-5821,true,7/10/2023,Male,495.54 zł,6/28/1987
724,Henrik,Braithwait,hbraithwaitk3@google.pl,361-219-7075,true,12/28/2020,Male,842.17 zł,3/16/1991
725,Frazer,Garnson,fgarnsonk4@ucoz.com,757-264-9994,true,10/3/2022,Male,780.47 zł,10/13/1997
726,Calla,Heazel,cheazelk5@msn.com,570-262-2749,false,8/28/2022,Female,469.22 zł,9/5/1967
727,Graehme,Rolin,grolink6@psu.edu,385-396-4774,true,11/3/2019,Male,363.99 zł,4/13/2007
728,Cozmo,Emmert,cemmertk7@springer.com,583-584-6296,true,1/13/2022,Male,968.40 zł,8/2/1938
729,Mellicent,Capun,mcapunk8@indiegogo.com,303-322-4060,true,7/3/2023,Non-binary,376.03 zł,1/16/1978
730,Demetra,Duffrie,dduffriek9@amazonaws.com,232-540-5734,false,9/3/2023,Female,1273.17 zł,11/8/1969
731,Syd,Ducarel,sducarelka@seattletimes.com,222-714-1366,false,12/16/2020,Male,839.12 zł,5/12/1997
732,Roanne,Di Iorio,rdiioriokb@qq.com,988-695-6034,false,4/18/2023,Female,2107.95 zł,12/4/1940
733,Katusha,Kinnerley,kkinnerleykc@netscape.com,479-785-3049,false,4/13/2022,Bigender,438.46 zł,3/11/1947
734,Denice,Whittock,dwhittockkd@google.es,176-438-7699,false,7/9/2021,Female,720.46 zł,12/30/1983
735,Ronalda,Pierucci,rpieruccike@berkeley.edu,219-682-5251,true,1/1/2021,Female,510.96 zł,4/14/2001
736,Gilbertina,Huskisson,ghuskissonkf@howstuffworks.com,740-850-9361,true,10/8/2020,Female,1261.75 zł,8/5/1957
737,Etan,Hubbucks,ehubbuckskg@wordpress.com,893-170-0666,true,3/9/2023,Male,1981.99 zł,12/29/1979
738,Lorilee,Bowery,lbowerykh@google.com,267-163-1047,false,8/24/2020,Female,761.95 zł,4/1/1961
739,Alessandra,Chaldecott,achaldecottki@baidu.com,468-609-0582,false,11/27/2022,Non-binary,731.39 zł,10/29/1967
740,Terra,Klaassens,tklaassenskj@technorati.com,568-535-8572,false,7/31/2020,Female,117.14 zł,11/15/2009
741,Gloriane,Yendall,gyendallkk@google.fr,971-211-0395,false,4/23/2020,Female,1345.76 zł,4/14/1948
742,Hunter,Abele,habelekl@dailymotion.com,120-336-8473,false,6/27/2022,Male,534.40 zł,11/24/1977
743,Cameron,Goncalo,cgoncalokm@twitpic.com,275-859-6859,true,2/28/2020,Male,102.03 zł,8/23/1951
744,Pauly,Atheis,patheiskn@ucoz.com,541-341-8169,false,7/26/2020,Female,408.77 zł,6/21/1981
745,Ransell,Wilse,rwilseko@cbsnews.com,261-993-5465,true,9/3/2020,Male,2095.71 zł,6/1/1985
746,Kellyann,Layburn,klayburnkp@odnoklassniki.ru,700-363-0116,false,11/2/2021,Female,745.63 zł,8/19/1942
747,Giacobo,Minton,gmintonkq@yahoo.com,422-398-3911,false,9/4/2023,Agender,1065.85 zł,12/3/1972
748,Shaylynn,O' Markey,somarkeykr@bravesites.com,416-165-4491,true,4/12/2020,Female,562.33 zł,10/10/1964
749,Dana,Scotchmore,dscotchmoreks@list-manage.com,703-923-1023,false,12/9/2019,Bigender,550.25 zł,6/16/1944
750,Nicki,Edmands,nedmandskt@jiathis.com,533-797-7241,true,1/2/2022,Female,2059.91 zł,6/27/1982
751,Tania,Abbess,tabbessku@prnewswire.com,382-837-3149,false,8/14/2022,Female,571.23 zł,6/7/1994
752,Renie,Collcutt,rcollcuttkv@delicious.com,580-814-7684,true,5/28/2023,Female,139.65 zł,8/19/1956
753,Kendal,Descroix,kdescroixkw@nifty.com,300-106-1361,false,12/25/2020,Male,680.33 zł,11/6/1946
754,Rubia,Benini,rbeninikx@deviantart.com,373-171-3640,true,3/6/2021,Female,1524.07 zł,12/9/1956
755,Gottfried,Eallis,geallisky@go.com,685-193-1549,false,11/2/2021,Male,170.23 zł,12/14/2001
756,Ade,Pottinger,apottingerkz@prnewswire.com,381-274-3722,false,4/12/2023,Male,1705.28 zł,10/6/1994
757,Hussein,Coweuppe,hcoweuppel0@shareasale.com,911-194-2165,false,9/28/2020,Male,594.45 zł,5/7/1951
758,Meggi,Grob,mgrobl1@cornell.edu,187-115-0482,true,9/16/2022,Female,11.93 zł,3/23/1969
759,Tanney,Richly,trichlyl2@odnoklassniki.ru,152-700-4985,true,5/20/2022,Agender,2040.29 zł,10/25/1985
760,Pete,Dossetter,pdossetterl3@printfriendly.com,734-839-1170,false,6/26/2023,Bigender,646.80 zł,3/6/2006
761,Bobbie,Konke,bkonkel4@wired.com,277-991-3144,true,1/19/2020,Non-binary,524.23 zł,6/4/1946
762,Perry,Jessope,pjessopel5@addthis.com,699-298-6515,false,3/25/2021,Male,1273.23 zł,2/20/2004
763,Dorian,Yirrell,dyirrelll6@dell.com,408-878-6400,false,10/2/2020,Male,1623.14 zł,5/9/1956
764,Joceline,Batistelli,jbatistellil7@about.me,695-566-4050,true,11/14/2020,Female,137.35 zł,6/25/1932
765,Clyde,Cowey,ccoweyl8@webs.com,900-623-6283,true,8/31/2020,Male,1112.24 zł,9/14/2003
766,Rosaline,Camilleri,rcamilleril9@so-net.ne.jp,895-368-2756,true,11/19/2021,Female,790.39 zł,12/29/1942
767,Lilias,Rigate,lrigatela@walmart.com,163-487-6988,false,12/8/2020,Female,1209.89 zł,6/5/1953
768,Patrizius,Beevers,pbeeverslb@ezinearticles.com,440-779-7445,true,4/14/2022,Male,1215.07 zł,4/1/1937
769,Rodd,Curtayne,rcurtaynelc@adobe.com,416-280-9260,true,8/28/2021,Male,1330.38 zł,1/14/1935
770,Ragnar,Bales,rbalesld@theguardian.com,937-526-5554,false,2/2/2023,Genderqueer,509.83 zł,8/22/1965
771,Dynah,Thackham,dthackhamle@twitter.com,965-858-5696,false,12/8/2021,Female,573.98 zł,10/1/1926
772,Roderic,Lace,rlacelf@ocn.ne.jp,344-230-9876,true,10/21/2019,Male,461.98 zł,7/16/1931
773,Claude,Bramont,cbramontlg@biglobe.ne.jp,940-437-7956,true,2/8/2021,Bigender,1451.26 zł,1/24/1963
774,Gloria,Rustman,grustmanlh@bizjournals.com,819-122-4021,false,4/16/2023,Female,173.77 zł,8/11/1926
775,Dael,Wysome,dwysomeli@ifeng.com,362-872-6150,true,1/20/2022,Female,294.91 zł,1/26/1946
776,Corty,Cotterill,ccotterilllj@bloglines.com,129-220-7869,false,5/27/2020,Male,146.45 zł,12/14/1964
777,Garrot,Cornes,gcorneslk@un.org,935-884-8979,false,11/7/2023,Genderfluid,1984.48 zł,12/29/1937
778,Willyt,Mackiewicz,wmackiewiczll@reddit.com,316-839-1683,true,8/12/2021,Female,2106.06 zł,6/17/1973
779,Georgina,Treagus,gtreaguslm@ox.ac.uk,194-383-5571,false,4/26/2020,Female,534.49 zł,1/6/1951
780,Fae,Pitcock,fpitcockln@vk.com,300-905-7667,false,2/13/2022,Female,1191.39 zł,2/17/1958
781,Noella,Blowin,nblowinlo@goo.ne.jp,748-635-5121,true,7/7/2020,Female,1266.45 zł,4/19/1977
782,Arnold,Troughton,atroughtonlp@w3.org,194-321-5823,true,11/5/2022,Male,543.39 zł,11/10/1951
783,Flinn,Higgen,fhiggenlq@springer.com,874-495-7545,true,11/15/2022,Male,424.26 zł,2/17/1962
784,Germayne,Biaggi,gbiaggilr@ucoz.ru,442-643-7059,false,12/7/2022,Male,512.00 zł,10/1/1996
785,Farrell,Chatainier,fchatainierls@angelfire.com,203-748-6026,false,2/10/2022,Male,683.07 zł,11/7/1941
786,Carlin,Belderfield,cbelderfieldlt@mapy.cz,308-502-8514,false,7/9/2020,Female,1532.26 zł,8/3/1924
787,Simona,Remirez,sremirezlu@skyrock.com,353-457-6553,false,8/6/2023,Female,1309.35 zł,8/21/1930
788,Oneida,Featherbie,ofeatherbielv@dagondesign.com,134-312-3819,true,11/2/2020,Genderfluid,1950.55 zł,12/4/1978
789,Izaak,Jon,ijonlw@seesaa.net,979-881-3206,false,11/16/2022,Male,1436.30 zł,5/7/2002
790,Alyda,Gascone,agasconelx@tuttocitta.it,600-576-3044,true,12/22/2020,Female,1987.51 zł,10/25/1995
791,Emmanuel,Limeburner,elimeburnerly@shareasale.com,858-768-4137,true,10/25/2019,Male,751.08 zł,10/11/1927
792,Amandie,Christin,achristinlz@webnode.com,638-768-8463,true,7/2/2023,Female,654.04 zł,6/24/1926
793,Lotti,Dove,ldovem0@google.it,434-412-5039,true,12/6/2021,Female,643.81 zł,12/15/1955
794,Willem,Rozalski,wrozalskim1@gnu.org,890-798-7017,true,5/30/2021,Male,2006.59 zł,4/28/2005
795,Shir,Ladon,sladonm2@ihg.com,971-645-2144,true,2/12/2022,Female,1258.87 zł,1/20/1952
796,Benedicto,Norrie,bnorriem3@hud.gov,868-979-2728,false,12/20/2021,Male,1091.73 zł,7/12/1971
797,Alice,Letcher,aletcherm4@etsy.com,998-925-4465,true,11/5/2022,Female,1080.61 zł,10/16/1956
798,Abner,Rowlett,arowlettm5@people.com.cn,862-285-6154,false,8/13/2020,Male,10.68 zł,2/11/1924
799,Randie,Shalliker,rshallikerm6@scribd.com,677-108-9211,true,2/15/2023,Male,1093.83 zł,12/29/1929
800,Alaine,Jelphs,ajelphsm7@noaa.gov,456-106-4307,true,2/7/2021,Female,1801.26 zł,2/10/1962
801,Andrea,Berrygun,aberrygunm8@wix.com,442-985-4721,false,12/13/2021,Female,488.84 zł,7/4/1958
802,Hunfredo,Whannel,hwhannelm9@linkedin.com,617-206-2936,false,11/25/2021,Male,1868.34 zł,12/6/1970
803,Giulia,Macartney,gmacartneyma@w3.org,647-643-7247,false,8/6/2022,Female,1315.06 zł,3/13/1959
804,Dorolisa,Boman,dbomanmb@constantcontact.com,158-231-0556,true,3/7/2023,Polygender,2061.54 zł,7/23/1951
805,Kanya,Pow,kpowmc@ucoz.ru,173-351-1962,false,7/1/2020,Female,1338.56 zł,2/7/1991
806,Sargent,Semeniuk,ssemeniukmd@seesaa.net,722-866-9828,false,6/26/2023,Male,1834.68 zł,7/6/1987
807,Sigismond,Corton,scortonme@unicef.org,228-797-2224,true,3/5/2022,Non-binary,1654.85 zł,7/11/2010
808,Guinevere,McGovern,gmcgovernmf@about.me,441-861-8201,true,9/3/2023,Female,1008.27 zł,2/7/1970
809,Inna,De la croix,idelacroixmg@angelfire.com,888-560-9206,false,12/17/2022,Female,960.89 zł,6/14/1978
810,Brew,Songist,bsongistmh@army.mil,492-421-0866,true,7/27/2020,Male,335.56 zł,12/31/1943
811,Helaina,Hatherley,hhatherleymi@guardian.co.uk,171-466-7504,true,8/29/2023,Agender,1917.90 zł,10/28/1981
812,Flemming,Blackster,fblackstermj@nymag.com,156-289-3765,true,12/4/2021,Male,937.72 zł,5/25/1935
813,Alena,Fantini,afantinimk@desdev.cn,659-151-8658,true,6/27/2023,Female,1682.23 zł,2/12/2001
814,Aida,Boocock,aboocockml@amazonaws.com,183-992-7954,true,8/16/2019,Genderfluid,428.02 zł,11/4/1945
815,Delia,Alvey,dalveymm@yahoo.co.jp,255-625-2793,false,4/9/2021,Female,369.18 zł,1/2/1986
816,Crin,Sacco,csaccomn@blogs.com,470-881-3849,false,8/27/2020,Female,2050.82 zł,5/15/1984
817,Scot,Twallin,stwallinmo@parallels.com,182-929-3398,false,8/18/2019,Male,443.97 zł,9/3/1989
818,Roderic,Yanson,ryansonmp@cpanel.net,256-828-9489,false,3/14/2021,Polygender,1022.11 zł,1/23/1990
819,Tabby,Summerly,tsummerlymq@disqus.com,707-437-5215,true,4/26/2021,Female,1618.44 zł,5/10/1977
820,Nance,Tee,nteemr@marriott.com,427-226-8702,false,7/1/2021,Female,1279.79 zł,10/12/1935
821,Talbot,Stanborough,tstanboroughms@ning.com,741-165-1293,false,2/13/2021,Male,644.15 zł,8/24/1966
822,Kellina,Urrey,kurreymt@tiny.cc,129-962-9356,true,7/15/2023,Female,1435.26 zł,3/31/1993
823,Tori,Bulford,tbulfordmu@nhs.uk,107-519-8675,false,11/14/2019,Female,977.68 zł,4/1/1937
824,Paulie,Scrauniage,pscrauniagemv@multiply.com,717-683-1730,false,6/11/2023,Male,1948.84 zł,2/13/1924
825,Mora,Simcox,msimcoxmw@github.io,347-825-6362,false,11/10/2020,Female,2123.42 zł,7/6/1976
826,Lyndsie,Attrie,lattriemx@multiply.com,190-626-4987,false,10/29/2022,Female,1593.12 zł,12/10/1930
827,Davita,Rayburn,drayburnmy@ucoz.ru,451-570-4285,true,1/13/2023,Female,103.72 zł,7/2/2007
828,Inigo,Paolazzi,ipaolazzimz@amazon.de,597-959-1212,false,12/11/2019,Male,635.40 zł,6/4/1962
829,Sauncho,Adlard,sadlardn0@ocn.ne.jp,149-822-1517,true,6/30/2020,Male,1281.53 zł,2/15/1928
830,Mindy,Bould,mbouldn1@macromedia.com,778-663-4373,false,2/4/2022,Female,2086.63 zł,1/12/2007
831,Allianora,Panichelli,apanichellin2@dell.com,746-993-0811,true,10/31/2021,Female,5.16 zł,3/20/1980
832,Ellis,O'Roan,eoroann3@sciencedirect.com,505-651-0731,true,10/16/2022,Genderqueer,1892.00 zł,4/11/1978
833,Benjamen,Angelini,bangelinin4@merriam-webster.com,268-367-3571,false,6/29/2020,Male,959.07 zł,12/4/2005
834,Billie,Northin,bnorthinn5@a8.net,796-778-2200,true,11/3/2019,Male,1653.82 zł,7/28/1942
835,Tait,Toffel,ttoffeln6@slashdot.org,160-963-9933,true,11/10/2023,Male,1742.08 zł,4/26/1957
836,Stearn,Lanfranconi,slanfranconin7@craigslist.org,631-831-9094,true,2/1/2021,Male,1172.66 zł,9/11/1950
837,Natalya,Perche,nperchen8@cornell.edu,941-977-5784,true,1/9/2021,Female,966.13 zł,8/10/1989
838,Margy,Renac,mrenacn9@miibeian.gov.cn,242-374-1622,false,6/12/2020,Genderqueer,677.60 zł,2/17/1981
839,Dana,Meagher,dmeagherna@un.org,785-849-6209,true,10/18/2019,Female,2027.90 zł,10/18/1933
840,Theresa,Gawkroge,tgawkrogenb@craigslist.org,574-927-3026,false,7/21/2022,Female,1106.37 zł,6/29/1935
841,Dana,Syder,dsydernc@usnews.com,215-207-3440,false,8/13/2020,Male,872.25 zł,6/30/1958
842,Marian,Lengthorn,mlengthornnd@imgur.com,507-177-3235,true,4/24/2021,Female,171.16 zł,11/18/1930
843,Tito,Ashborn,tashbornne@phoca.cz,909-495-9719,true,5/9/2023,Male,1381.32 zł,10/5/1926
844,Bastian,Caslett,bcaslettnf@com.com,406-471-8978,true,10/3/2019,Male,1875.07 zł,5/7/1971
845,Lurette,Artin,lartinng@nytimes.com,231-779-0018,true,11/16/2020,Genderfluid,398.58 zł,7/4/1987
846,Allin,Noice,anoicenh@youku.com,858-490-3596,true,1/3/2021,Male,2121.64 zł,12/16/1948
847,Clevie,Studholme,cstudholmeni@tumblr.com,396-231-1355,true,3/11/2023,Male,142.17 zł,11/27/1956
848,Aylmar,Jahns,ajahnsnj@accuweather.com,957-193-5980,true,11/25/2021,Male,679.49 zł,6/27/1996
849,Hiram,Batterham,hbatterhamnk@oracle.com,450-972-9985,true,6/28/2022,Male,379.07 zł,11/5/1964
850,Kristofer,Le Houx,klehouxnl@webnode.com,180-114-7227,false,4/26/2023,Male,1115.69 zł,4/14/1981
851,Judi,Cheston,jchestonnm@woothemes.com,330-244-4534,true,8/10/2023,Female,1183.43 zł,5/23/1977
852,King,Summers,ksummersnn@printfriendly.com,541-176-8927,false,3/17/2023,Male,46.25 zł,12/31/1954
853,Cristi,Felgat,cfelgatno@1688.com,831-678-2424,true,9/11/2021,Female,572.03 zł,6/11/2010
854,Daniel,Luciani,dlucianinp@hao123.com,192-447-3779,true,3/3/2023,Male,2037.82 zł,3/28/1990
855,Julia,Mitchelmore,jmitchelmorenq@ask.com,932-518-9625,true,8/20/2020,Female,1801.63 zł,2/23/1971
856,Pepillo,Linsley,plinsleynr@addtoany.com,304-603-2479,true,12/3/2020,Male,1831.24 zł,9/22/1933
857,Murial,Dable,mdablens@marriott.com,612-537-6801,false,4/15/2020,Female,70.91 zł,6/16/1980
858,Hertha,Bringloe,hbringloent@artisteer.com,788-771-9272,false,1/23/2023,Female,143.74 zł,3/18/1992
859,Randee,Kemery,rkemerynu@toplist.cz,697-121-5839,false,8/25/2019,Female,1610.68 zł,4/5/1947
860,Hieronymus,Griffith,hgriffithnv@facebook.com,921-120-5450,false,1/20/2023,Male,1752.94 zł,10/16/2005
861,Janna,Stilliard,jstilliardnw@com.com,312-666-2407,false,5/28/2021,Female,1567.02 zł,5/6/1966
862,Urbano,Devil,udevilnx@ihg.com,410-700-5844,true,11/11/2022,Male,206.40 zł,5/11/1991
863,Moritz,Darte,mdarteny@domainmarket.com,421-600-9750,true,10/9/2023,Male,864.04 zł,12/30/2005
864,Lonee,McGonigal,lmcgonigalnz@walmart.com,615-262-8841,true,9/23/2022,Non-binary,1789.92 zł,5/24/1938
865,Floyd,McClymont,fmcclymonto0@geocities.jp,593-392-4868,true,7/9/2021,Male,956.38 zł,12/8/1931
866,Ewart,Feldfisher,efeldfishero1@purevolume.com,718-696-8717,true,3/28/2022,Male,436.98 zł,9/29/1930
867,Avram,Hambatch,ahambatcho2@ifeng.com,729-234-0804,true,1/16/2023,Male,1249.79 zł,9/15/1988
868,Jillane,Timms,jtimmso3@ihg.com,289-995-5441,true,10/24/2019,Female,78.37 zł,9/21/1950
869,Conn,Carrol,ccarrolo4@typepad.com,962-336-3782,false,12/17/2019,Male,1799.78 zł,1/1/2008
870,Germana,Sanz,gsanzo5@imdb.com,337-719-2061,true,9/1/2023,Female,1392.65 zł,11/15/1990
871,Finlay,Cargon,fcargono6@1und1.de,953-168-5732,true,9/22/2022,Male,1011.45 zł,6/22/2003
872,Garek,Cashley,gcashleyo7@privacy.gov.au,492-106-4699,true,8/25/2020,Male,2061.55 zł,9/20/2010
873,Jude,Yesinin,jyesinino8@sphinn.com,421-601-4337,true,7/30/2023,Male,408.34 zł,6/29/1978
874,Shayne,Critzen,scritzeno9@mac.com,312-808-0500,false,9/29/2019,Female,133.49 zł,6/1/1972
875,Gwennie,Lintall,glintalloa@zdnet.com,582-297-2338,true,12/10/2021,Female,172.06 zł,5/26/1982
876,Murray,Wreak,mwreakob@youtube.com,236-556-0021,true,11/26/2020,Male,1871.84 zł,6/30/1986
877,Sigismund,Goddert.sf,sgoddertsfoc@bravesites.com,435-773-4315,false,7/8/2020,Male,1006.26 zł,7/19/1939
878,Madelon,Osinin,mosininod@etsy.com,488-138-4598,true,6/14/2020,Female,1979.03 zł,9/6/1983
879,Simon,Studdard,sstuddardoe@twitter.com,730-840-2106,true,8/14/2019,Male,100.32 zł,2/12/1981
880,Luelle,De Bischof,ldebischofof@list-manage.com,832-527-4492,false,10/24/2020,Female,1604.23 zł,4/20/2008
881,Curry,Echalier,cechalierog@ihg.com,185-677-3999,false,10/19/2021,Male,1845.92 zł,8/11/1988
882,Claudian,Noar,cnoaroh@admin.ch,281-898-6658,false,1/24/2022,Male,1976.50 zł,2/7/1939
883,Cletis,Leggan,clegganoi@blinklist.com,950-841-6615,true,9/21/2021,Male,719.60 zł,4/11/2007
884,Dory,Llop,dllopoj@t-online.de,229-114-9453,false,11/1/2019,Male,1261.81 zł,6/13/1997
885,Ginni,Rushbury,grushburyok@opera.com,373-302-1279,true,2/7/2023,Female,908.72 zł,11/30/1999
886,Ulises,Standish-Brooks,ustandishbrooksol@instagram.com,987-931-1164,false,11/13/2023,Male,1317.37 zł,3/5/1956
887,Terza,Tease,tteaseom@chronoengine.com,916-795-1325,true,5/8/2020,Genderqueer,1668.98 zł,7/12/1999
888,Ferris,Rubert,fruberton@posterous.com,998-897-1726,false,10/29/2021,Male,1226.41 zł,7/9/1950
889,Marj,Minihane,mminihaneoo@uiuc.edu,852-280-9997,false,8/12/2021,Female,132.11 zł,8/17/1963
890,Bryant,Trounce,btrounceop@blogger.com,947-812-0075,true,11/21/2022,Male,2026.18 zł,10/9/2001
891,Brennen,Teml,btemloq@aol.com,677-278-6914,false,8/17/2021,Male,400.17 zł,5/15/1961
892,Collie,Rosbottom,crosbottomor@simplemachines.org,297-425-5513,false,8/26/2019,Female,2088.86 zł,5/31/2006
893,Beryle,Dowgill,bdowgillos@linkedin.com,196-100-5126,false,7/28/2020,Female,1603.76 zł,6/6/1926
894,Carree,Red,credot@virginia.edu,531-900-5412,true,12/1/2020,Female,1274.69 zł,7/5/1961
895,Winny,Rowles,wrowlesou@cbsnews.com,759-437-7055,false,2/3/2023,Genderqueer,1482.02 zł,11/29/1951
896,Barnett,Tattershaw,btattershawov@guardian.co.uk,961-401-6520,true,3/20/2021,Male,1474.29 zł,3/12/1964
897,Dorotea,Schankelborg,dschankelborgow@wsj.com,218-193-1348,true,4/12/2022,Female,1688.40 zł,6/6/1943
898,Caleb,Leaves,cleavesox@bbb.org,717-613-0456,false,6/3/2023,Male,295.40 zł,3/11/2001
899,Jard,Olliffe,jolliffeoy@wisc.edu,848-974-2604,true,2/26/2020,Male,1196.07 zł,9/21/1962
900,Marthena,Huckstepp,mhucksteppoz@feedburner.com,436-735-0908,true,12/7/2021,Female,499.07 zł,1/5/1937
